Code,Name,Market,Marcap,corp_code,EPS,EPS_diluted,revenue,gross_profit,op_income,net_income,total_assets,current_assets,current_liab,total_liab,equity,data_year,fs_div,Sector,price,PER,sector_median_per,fair_price_market,gap_market,fair_price_sector,gap_sector,signal,ttm_eps_recent,ttm_eps_prev,yoy_growth_pct,quarters_used,gap_market_v2,gap_sector_v2,gap_market_delta,gap_sector_delta,signal_v2,debt_ratio,updated_at
005930,삼성전자,KOSPI,1180375801646800,00126380,4950.0,4950.0,300870903000000.0,114308635000000.0,32725961000000.0,34451351000000.0,514531948000000.0,227062266000000.0,93326299000000.0,112339878000000.0,402192070000000.0,2024.0,CFS,IT/전자,271500,54.84848484848485,46.37587157450949,145392.9721030043,0.8673529818735299,229560.56429382198,0.18269442678533573,⚠️ 주의,10336.0,8784.0,17.7,8.0,0.7906,0.1665,-0.0,-0.0124,강력매도,27.9,2026-10-07
000660,SK하이닉스,KOSPI,717691281555000,00164779,28732.0,28419.0,66192960000000.0,31828146000000.0,23467319000000.0,19796902000000.0,119855209000000.0,42278887000000.0,24965444000000.0,45939505000000.0,73915704000000.0,2024.0,CFS,IT/전자,1741000,60.59445913963525,46.37587157450949,843925.4291845494,1.062978481027947,1332471.5420788066,0.3065945087906664,⚠️ 주의,,,,,1.063,0.3066,-0.0,-0.0,강력매도,62.2,2026-10-07
005380,현대차,KOSPI,105859765022000,00164742,47369.0,47369.0,175231153000000.0,35749207000000.0,14239592000000.0,13229908000000.0,339798429000000.0,115764287000000.0,79509643000000.0,219522496000000.0,120275933000000.0,2024.0,CFS,자동차/부품,338250,7.140746057548186,7.516049660082354,1391337.3122317598,-0.7568885725795468,356027.756348441,-0.04993362464425971,⚠️ 주의,68361.0,86605.0,-21.1,8.0,-0.7569,-0.0499,-0.0,0.0,강력매수,182.5,2026-10-07
402340,SK스퀘어,KOSPI,80308965920000,01596425,27772.0,27716.0,1906611000000.0,,3912583000000.0,3650515000000.0,21921051000000.0,2702773000000.0,1396345000000.0,21921051000000.0,19585415000000.0,2024.0,CFS,지주,1163000,41.876710355754,34.69982306778526,815728.0042918455,0.42572033065069315,963683.4862385322,0.2068277775926656,🔥 강력,108574.0,44400.0,144.5,8.0,0.2129,0.1034,-0.2345,-0.098,매도,111.9,2026-10-07
207940,삼성바이오로직스,KOSPI,74111812551000,00877059,15221.0,15221.0,4547322176421.0,2290844589981.0,1320052380133.0,1083315885986.0,17336296349511.0,5518117814577.0,3853188425809.0,6431620287493.0,10904676062018.0,2024.0,CFS,바이오/제약,1275500,83.79869916562643,54.5245536212378,447076.0461373391,1.8529821962507336,829918.2306688606,0.5368983989808601,— 고평가,41997.0,25925.0,62.0,8.0,1.2786,0.3705,0.0,0.0,강력매도,59.0,2026-10-07
012450,한화에어로스페이스,KOSPI,68063689320000,00126566,45935.0,45935.0,,2869853204579.0,1731878825342.0,2539873460538.0,,22867968340831.0,25516144577239.0,,,2024.0,CFS,방산/중공업,987000,21.48688363992598,41.57239819004525,1349217.4087982834,-0.26846482000325067,1909628.1108597284,-0.48314543843007973,🔥 강력,45313.0,54785.0,-17.3,8.0,-0.2685,-0.4831,-0.0,-0.0,강력매수,,2026-10-07
000270,기아,KOSPI,65784590163000,00106641,24893.0,,107448752000000.0,24770771000000.0,12667139000000.0,9775005000000.0,92755874000000.0,41797457000000.0,26977376000000.0,36915565000000.0,55840309000000.0,2024.0,CFS,자동차/부품,109800,4.410878560237818,7.516049660082354,731165.1019313305,-0.8498287189719946,187097.02418843005,-0.4131387151865243,🔥 강력,34930.0,45348.0,-23.0,8.0,-0.8498,-0.4131,0.0,-0.0,강력매수,66.1,2026-10-07
329180,HD현대중공업,KOSPI,58673324775000,01390344,7001.0,,14486453544000.0,1493930874000.0,705223483000.0,621509420000.0,19390946750000.0,10403121877000.0,11796215796000.0,13686498249000.0,5704448501000.0,2024.0,CFS,방산/중공업,405500,57.920297100414224,41.57239819004525,205635.59549356223,0.9719348638387602,291048.35972850677,0.393239255422209,— 고평가,26133.0,9872.0,164.7,8.0,0.486,0.1966,-0.0,-0.0,강력매도,239.9,2026-10-07
068270,셀트리온,KOSPI,46671748722000,00413046,2048.0,2045.0,,1681713270596.0,492015534847.0,418883310404.0,21055222437706.0,5584129149603.0,3187120605915.0,3475160069015.0,17580062368691.0,2024.0,CFS,바이오/제약,183150,89.4287109375,54.5245536212378,60154.50643776824,2.044659674657534,111666.28581629501,0.6401548476440295,— 고평가,6986.0,2949.0,136.9,8.0,1.0223,0.3201,-0.0,-0.0,강력매도,19.8,2026-10-07
055550,신한지주,KOSPI,46468661941900,00382199,8441.0,8441.0,,,6458670000000.0,4558170000000.0,739764256000000.0,,,739764256000000.0,,2024.0,CFS,지주,103100,12.214192631204833,34.69982306778526,247931.73283261803,-0.5841597248481131,292901.2065151754,-0.6480041812505872,🔥 강력,18640.0,,,5.0,-0.5842,-0.648,0.0,-0.0,강력매수,,2026-10-07
012330,현대모비스,KOSPI,36338399491500,00164788,44939.0,,57236995000000.0,8062628000000.0,3073456000000.0,4060161000000.0,66596905000000.0,28424073000000.0,12745182000000.0,66596905000000.0,46118232000000.0,2024.0,CFS,자동차/부품,375000,8.3446449631723,7.516049660082354,1319962.580472103,-0.7159010372355586,337763.7556744409,0.11024345774225072,⚠️ 주의,73137.0,75728.0,-3.4,8.0,-0.7159,0.1102,0.0,-0.0,강력매수,144.4,2026-10-07
009150,삼성전기,KOSPI,34695221792000,00126371,8988.0,8988.0,10294102976435.0,1959222801014.0,735005856995.0,703215637082.0,12792402920884.0,5891746488305.0,3056860858021.0,3776548889114.0,9015854031770.0,2024.0,CFS,IT/전자,1631000,181.46417445482865,46.37587157450949,263998.39055793994,5.178067966827408,416826.33371169126,2.912900572947302,— 고평가,15742.0,15217.0,3.5,8.0,5.0875,2.8619,-0.0,0.0,강력매도,41.9,2026-10-07
267260,HD현대일렉트릭,KOSPI,34569202465000,01205851,13935.0,,3322349007529.0,1044565282142.0,668970713547.0,498409535389.0,3795545096460.0,2763740978393.0,2001078594202.0,3795545096460.0,1507517124598.0,2024.0,CFS,방산/중공업,641000,45.99928238249013,41.57239819004525,409303.2457081545,0.5660760248577462,579311.3687782806,0.10648613948629322,— 고평가,33901.0,24279.0,39.6,8.0,0.454,0.0854,-0.0,-0.0,매도,251.8,2026-10-07
010130,고려아연,KOSPI,33125401803000,00102858,9488.0,,12052918410249.0,1140795311524.0,723472208523.0,194781564506.0,14792322181548.0,7567074179254.0,6366334342627.0,14792322181548.0,7595427776993.0,2024.0,CFS,소재/철강,1065000,112.24704890387858,73.96088019559902,278684.5493562232,2.8215250987548797,701740.8312958435,0.5176543141053337,— 고평가,73710.0,31039.0,137.5,8.0,1.4108,0.2588,-0.0,0.0,강력매도,194.8,2026-10-07
006400,삼성SDI,KOSPI,32274504765000,00126362,8188.0,9011.0,16592248884388.0,3093563995780.0,363304463263.0,575512415979.0,40597344536357.0,10334312926481.0,10855694147360.0,19030107423830.0,21567237112527.0,2024.0,CFS,에너지/화학,565000,69.00341963849536,16.744321490972627,240500.53648068671,1.3492671087882253,137102.50436808387,3.12100422675814,— 고평가,,,,,1.3493,3.121,0.0,-0.0,강력매도,88.2,2026-10-07
015760,한국전력,KOSPI,31552534384550,00159193,5439.0,5439.0,93398896000000.0,11434736000000.0,8364710000000.0,3621968000000.0,246807795000000.0,29255205000000.0,63968789000000.0,246807795000000.0,41362833000000.0,2024.0,CFS,에너지/화학,29900,5.49733406876264,16.744321490972627,159756.0354077253,-0.8128396218415788,91072.36458940012,-0.671689648832506,🔥 강력,24559.0,9296.0,164.2,8.0,-0.8128,-0.6717,-1.3308,-0.5401,강력매수,596.7,2026-10-07
042700,한미반도체,KOSPI,29499125900000,00161383,1589.0,1584.0,558917191547.0,314522196913.0,255391604854.0,152614498001.0,710872366678.0,407791209288.0,160040613379.0,710872366678.0,540887863389.0,2024.0,CFS,IT/전자,266500,167.71554436752675,46.37587157450949,46672.61266094421,4.7099867525309564,73691.25993189558,2.6164397276732076,— 고평가,,,,,4.71,2.6164,0.0,0.0,강력매도,131.4,2026-10-07
009540,HD한국조선해양,KOSPI,28627725422000,00164830,16578.0,,25538577356000.0,2595367428000.0,1434090492000.0,1454580111000.0,36719137422000.0,20431356435000.0,19325058391000.0,22563324218000.0,14155813204000.0,2024.0,CFS,방산/중공업,305000,18.39787670406563,41.57239819004525,486934.2811158798,-0.37363210636751903,689187.2171945701,-0.5574497141117274,🔥 강력,51667.0,25517.0,102.5,8.0,-0.3736,-0.5574,-0.1874,-0.2733,강력매수,159.4,2026-10-07
010120,LS ELECTRIC,KOSPI,26580000000000,00105855,8078.0,8078.0,,907590799908.0,389717122317.0,242237998768.0,4485197464384.0,3052191652183.0,1846349798510.0,2595105380936.0,1890092083448.0,2024.0,CFS,소재/철강,208000,25.748947759346372,73.96088019559902,237269.5815450644,-0.12336002514298385,597455.9902200488,-0.6518572021959449,— 고평가,13738.0,,,5.0,-0.1234,-0.6519,-0.0,0.0,강력매수,137.3,2026-10-07
272210,한화시스템,KOSPI,25693036904000,00339391,2591.0,2589.0,2803686058274.0,415792516415.0,219345297682.0,445378843124.0,5724010115718.0,2286147317733.0,2677051475212.0,5724010115718.0,2416416895456.0,2024.0,CFS,IT/전자,79000,30.490158240061753,46.37587157450949,76103.67489270387,0.038057624830595424,120159.88324955408,-0.3425426368305566,— 고평가,2430.0,3078.0,-21.1,8.0,0.0381,-0.3425,0.0,0.0,매수,236.9,2026-10-07
298040,효성중공업,KOSPI,25502638780000,01316245,23909.0,,4894979612220.0,791772345743.0,362479487133.0,222929444192.0,6218812921202.0,3036422654447.0,3092775159627.0,4163194426688.0,2055618494514.0,2024.0,CFS,소재/철강,2618000,109.49851520347985,73.96088019559902,702262.741416309,2.727949449119387,1768330.684596577,0.480492321263579,— 고평가,92870.0,38039.0,144.1,8.0,1.364,0.2402,0.0,-0.0,강력매도,202.5,2026-10-07
267250,HD현대,KOSPI,20972664067500,01205709,7203.0,,67765626088000.0,6426904974000.0,2983162778000.0,1930179481000.0,73866670219000.0,35592849734000.0,32333112202000.0,73866670219000.0,26385102145000.0,2024.0,CFS,방산/중공업,188600,26.183534638345133,41.57239819004525,211568.8036480687,-0.10856422710729999,299445.98416289594,-0.3701702144136844,— 고평가,20911.0,11538.0,81.2,8.0,-0.1086,-0.3702,-0.0,0.0,매수,280.0,2026-10-07
011200,HMM,KOSPI,20043806862500,00164645,4999.0,3690.0,11700224000000.0,3963464000000.0,3512847000000.0,3782129000000.0,33848562000000.0,17996844000000.0,2357189000000.0,5993018000000.0,27855544000000.0,2024.0,CFS,운송/물류,21450,4.290858171634327,10.585727756388915,146832.21566523606,-0.8539148925675546,52918.05305418818,-0.5946562890733119,🔥 강력,3553.0,8915.0,-60.1,8.0,-0.8539,-0.5947,-0.0,0.0,강력매수,21.5,2026-10-07
064350,현대로템,KOSPI,19656526969300,00302926,3728.0,,4376597857000.0,829047638000.0,,405259414000.0,5285394740000.0,3686316730000.0,3019853718000.0,3276309551000.0,2009085189000.0,2024.0,CFS,자동차/부품,109500,29.372317596566525,7.516049660082354,109500.0,0.0,28019.833132787015,2.9079461851566175,— 고평가,12072.0,,,7.0,0.0,2.9079,-0.0,-0.0,강력매도,163.1,2026-10-07
047810,한국항공우주,KOSPI,18101127369900,00309503,1765.0,1765.0,3633742105840.0,481490443379.0,240718310400.0,170895410977.0,8025538409393.0,5439008063568.0,4914742846130.0,8025538409393.0,1727176882121.0,2024.0,CFS,운송/물류,122800,69.57507082152975,10.585727756388915,51842.140557939914,1.3687293518051404,18683.809490026433,5.572535438533111,— 고평가,3191.0,3409.0,-6.4,8.0,1.3687,5.5725,0.0,-0.0,강력매도,464.7,2026-10-07
033780,KT&G,KOSPI,18061571587500,00244455,11383.0,11383.0,,2902024000000.0,1188814000000.0,1164999000000.0,13925237000000.0,7176310000000.0,3142888000000.0,4566772000000.0,9358465000000.0,2024.0,CFS,IT/전자,178200,15.654924009487832,46.37587157450949,334345.09120171674,-0.4670177469646517,527896.5461326415,-0.6624338588583515,🔥 강력,17816.0,,,5.0,-0.467,-0.6624,0.0,0.0,강력매수,48.8,2026-10-07
030200,KT,KOSPI,15297716279500,00190321,1908.0,1906.0,,,809471000000.0,417094000000.0,41879957000000.0,14251937000000.0,13874734000000.0,23883408000000.0,17996549000000.0,2024.0,CFS,IT/전자,51500,26.9916142557652,46.37587157450949,56042.38197424893,-0.08105262150235014,88485.1629641641,-0.41798152057586024,🔥 강력,12676.0,,,6.0,-0.0811,-0.418,-0.0,-0.0,매수,132.7,2026-10-07
079550,LIG넥스원,KOSPI,14542000000000,00503668,10173.0,,3276339508425.0,452627287247.0,229779392271.0,216648719554.0,6125264653217.0,3894568274428.0,4616518043951.0,6125264653217.0,1237435235062.0,2024.0,CFS,방산/중공업,669000,65.76231200235918,41.57239819004525,298804.58690987126,1.2389214533771236,422916.0067873303,0.5818743893900822,— 고평가,21567.0,,,7.0,1.2389,0.5819,0.0,-0.0,강력매도,495.0,2026-10-07
047050,포스코인터내셔널,KOSPI,13546054676000,00124504,3019.0,3019.0,32340793124000.0,1895983188000.0,1116921237000.0,503409725000.0,,8268175054000.0,6659697291000.0,,7349462921000.0,2024.0,CFS,유통/소비재,57500,19.046041735674063,19.07035175879397,88675.02682403434,-0.3515648987160465,57573.39195979899,-0.0012747548355364297,⚠️ 주의,5914.0,,,7.0,-0.3516,-0.0013,0.0,-0.0,매수,,2026-10-07
278470,에이피알,KOSPI,13459016722500,01190568,2875.0,2819.0,722753862301.0,543599699569.0,122705544449.0,107590435967.0,565143563187.0,286027445388.0,145136758580.0,241619489197.0,323524073990.0,2024.0,CFS,유통/소비재,381000,132.52173913043478,19.07035175879397,84445.41309012876,3.5117903513996427,54827.26130653266,5.949097783124249,— 고평가,7994.0,,,5.0,3.5118,5.9491,-0.0,-0.0,강력매도,74.7,2026-10-07
018260,삼성에스디에스,KOSPI,12581630280000,00126186,9787.0,9787.0,13828232033800.0,2012332154316.0,911096907001.0,789501325293.0,13238330251696.0,9003786950710.0,2495408581399.0,3532880772221.0,9705449479475.0,2024.0,CFS,IT/전자,209000,21.354858485746398,46.37587157450949,287466.8723175966,-0.2729597037912094,453880.65509972436,-0.539526530483923,🔥 강력,17282.0,17119.0,1.0,8.0,-0.273,-0.5395,-0.0048,-0.0086,강력매수,36.4,2026-10-07
323410,카카오뱅크,KOSPI,11973802818700,01133217,924.0,923.0,,,606880000000.0,440065000000.0,62805282000000.0,,,56265151000000.0,6540131000000.0,2024.0,OFS,IT/전자,19850,21.482683982683984,46.37587157450949,27140.021459227468,-0.2686078001146494,42851.305334846766,-0.5367702373384191,🔥 강력,1795.0,1670.0,7.5,8.0,-0.2686,-0.5368,-0.0083,-0.0262,강력매수,860.3,2026-10-07
259960,크래프톤,KOSPI,11163781180500,00760971,28593.0,28384.0,,,1182487684188.0,1302592653712.0,7919463568015.0,5004427032417.0,784829947760.0,1090331965788.0,6829131602227.0,2024.0,CFS,엔터/미디어,201500,7.047179379568425,15.915268049597646,839842.6770386266,-0.7600741120819079,455065.2593421455,-0.5572063657610477,🔥 강력,33288.0,46350.0,-28.2,8.0,-0.7601,-0.5572,0.0,0.0,강력매수,16.0,2026-10-07
003490,대한항공,KOSPI,9702614417350,00113526,3566.0,3566.0,,3758168388895.0,2110200077994.0,1381858075058.0,47012065940089.0,11616873056353.0,16973485891743.0,47012065940089.0,10963191867177.0,2024.0,CFS,운송/물류,31100,8.721256309590578,10.585727756388915,104741.68454935623,-0.7030790545922039,37748.70517928287,-0.1761306817732067,🔥 강력,3909.0,6326.0,-38.2,8.0,-0.7031,-0.1761,0.0,-0.0,강력매수,428.8,2026-10-07
006260,LS,KOSPI,9469200000000,00105952,8677.0,8677.0,,2661201000000.0,1072943000000.0,391515000000.0,20527939000000.0,12938266000000.0,10546216000000.0,20527939000000.0,6881153000000.0,2024.0,CFS,소재/철강,283000,32.614959087242134,73.96088019559902,254863.59978540774,0.11039787650446273,641758.5574572127,-0.5590241895311725,⚠️ 주의,19142.0,18394.0,4.1,8.0,0.1081,-0.559,0.0,-0.0186,매수,298.3,2026-10-07
007660,이수페타시스,KOSPI,9308288969200,00107613,1171.0,,836866961285.0,156600343429.0,101878836049.0,74034111779.0,790136366426.0,522697354400.0,377363096552.0,790136366426.0,327526708412.0,2024.0,CFS,IT/전자,122900,104.9530315969257,46.37587157450949,34394.9839055794,2.5731954501674794,54306.14561375061,1.2630956148889536,— 고평가,3965.0,,,5.0,2.5732,1.2631,-0.0,0.0,강력매도,241.2,2026-10-07
180640,한진칼,KOSPI,8679096270000,00983040,7459.0,,,116726983000.0,49192742000.0,512176366000.0,4207157981000.0,539972243000.0,672904948000.0,4207157981000.0,3313160945000.0,2024.0,CFS,운송/물류,133500,17.897841533717656,10.585727756388915,219088.11695278971,-0.3906561348155304,78958.9433349049,0.6907521094065155,⚠️ 주의,9015.0,,,5.0,-0.3907,0.6908,-0.0,0.0,매도,127.0,2026-10-07
003230,삼양식품,KOSPI,8670500265000,00126955,36468.0,36468.0,1728015003746.0,723217308822.0,344569150443.0,271255665463.0,1594782196967.0,676663603748.0,492425282678.0,1594782196967.0,828033342607.0,2024.0,CFS,유통/소비재,1219000,33.42656575627948,19.07035175879397,1071149.6781115881,0.13802956291698518,695457.5879396985,0.7528027893279621,— 고평가,91556.0,62736.0,45.9,8.0,0.1064,0.58,0.0,-0.0,강력매도,192.6,2026-10-07
090430,아모레퍼시픽,KOSPI,8235780467200,00583424,8606.0,8606.0,3885110699186.0,2746732498324.0,220481343913.0,601641373835.0,6783507800768.0,1734808826757.0,1095705144331.0,1457499911662.0,5326007889106.0,2024.0,CFS,유통/소비재,139100,16.163141993957705,19.07035175879397,252778.1652360515,-0.4497151291920154,164119.4472361809,-0.15244657264885814,🔥 강력,6497.0,17993.0,-63.9,8.0,-0.4497,-0.1524,0.0,0.0,강력매수,27.4,2026-10-07
443060,HD현대마린솔루션,KOSPI,8190684904500,01194689,5304.0,5275.0,1745458578779.0,362176072235.0,271729951500.0,227940276635.0,1152227968481.0,1075525917500.0,342617751499.0,1152227968481.0,773534561558.0,2024.0,CFS,방산/중공업,220500,41.57239819004525,41.57239819004525,155790.77253218886,0.4153598214839148,220500.0,0.0,⚠️ 주의,10386.0,,,7.0,0.4154,0.0,-0.0,-0.0,매도,149.0,2026-10-07
000100,유한양행,KOSPI,7988654380300,00145109,943.0,943.0,2067791451854.0,689386389746.0,54880319609.0,55163455235.0,2942048836634.0,1360261256866.0,619136487792.0,791378826075.0,2150670010559.0,2024.0,CFS,바이오/제약,75100,79.63944856839873,54.5245536212378,27698.095493562232,1.711377755826397,51416.65406482724,0.4606162412924084,— 고평가,3666.0,2039.0,79.8,8.0,1.0285,0.2768,-0.0,0.0,강력매도,36.8,2026-10-07
047040,대우건설,KOSPI,7942548612180,00124540,570.0,569.0,10503609086034.0,927546410982.0,403125613881.0,242849735359.0,12658456266814.0,9588714887380.0,4543987487164.0,8324364439243.0,4334091827571.0,2024.0,CFS,건설/부동산,17495,30.69298245614035,25.364364329053195,16742.221030042918,0.044962909556997555,14457.687667560322,0.21008285711239277,⚠️ 주의,-2319.0,1108.0,-309.3,8.0,0.045,0.2101,0.0,-0.0,중립,192.1,2026-10-07
326030,SK바이오팜,KOSPI,7721686450000,00878696,3074.0,3074.0,547596283214.0,504495368894.0,96339659521.0,226973435375.0,1036810779623.0,651371301562.0,396276252761.0,462826530311.0,573984249312.0,2024.0,CFS,바이오/제약,76200,24.788549121665582,54.5245536212378,90290.5042918455,-0.15605743264320288,167608.47783168498,-0.5453690589773077,🔥 강력,5074.0,3720.0,36.4,8.0,-0.1561,-0.5454,-0.0034,-0.1665,강력매수,80.6,2026-10-07
128940,한미약품,KOSPI,7174154960000,00828497,9567.0,9567.0,1495501575568.0,817036996044.0,216186188006.0,140431062099.0,2020840493653.0,746306484262.0,682758544357.0,780088902015.0,1240751591638.0,2024.0,CFS,바이오/제약,523000,54.66708477056549,54.5245536212378,281004.96244635194,0.8611770961156906,521636.40449438203,0.002614072740838877,⚠️ 주의,22949.0,,,5.0,0.8612,0.0026,-0.0,-0.0,강력매도,62.9,2026-10-07
011070,LG이노텍,KOSPI,7005463672000,00105961,18985.0,18985.0,21200755000000.0,1743671000000.0,706043000000.0,0.0,11378212000000.0,5853122000000.0,3954861000000.0,6024347000000.0,5353865000000.0,2024.0,CFS,IT/전자,613000,32.28864893336845,46.37587157450949,557633.4495708154,0.09928843126573134,880445.9218420626,-0.30376189520250624,🔥 강력,23097.0,33452.0,-31.0,8.0,0.0993,-0.3038,0.0,0.0,중립,112.5,2026-10-07
028050,삼성E&A,KOSPI,6918800000000,00126308,3862.0,,9966551344477.0,1509174642168.0,971611686017.0,638672451980.0,10013337796132.0,7941890024257.0,5871110579495.0,10013337796132.0,3895741786193.0,2024.0,CFS,방산/중공업,49300,12.76540652511652,41.57239819004525,113435.89055793991,-0.5653932828709188,160552.60180995474,-0.6929355273958366,🔥 강력,8498.0,,,7.0,-0.5654,-0.6929,0.0,-0.0,강력매수,257.0,2026-10-07
032640,LG유플러스,KOSPI,6799884576100,00231363,871.0,871.0,,,863130000000.0,314602000000.0,19707730000000.0,5263896000000.0,5116288000000.0,10939351000000.0,8768379000000.0,2024.0,CFS,IT/전자,14570,16.727898966704938,46.37587157450949,25583.288626609443,-0.4304876041289863,40393.384141397764,-0.6392973673857716,🔥 강력,2233.0,1877.0,19.0,8.0,-0.4305,-0.6393,-0.0755,-0.1419,강력매수,124.8,2026-10-07
052690,한전기술,KOSPI,6707610000000,00159209,1538.0,1538.0,,167195010838.0,54806059056.0,58512128400.0,946846882988.0,575753925755.0,361039308185.0,946846882988.0,577473652879.0,2024.0,CFS,소재/철강,128500,83.55006501950585,73.96088019559902,45174.624463519314,1.8445172821252769,113751.8337408313,0.12965211877612873,— 고평가,4281.0,2382.0,79.7,8.0,1.1095,0.078,-0.0,0.0,강력매도,164.0,2026-10-07
078930,GS,KOSPI,6411161082000,00500254,5988.0,,25297467000000.0,6191104000000.0,3060163000000.0,863517000000.0,35063398000000.0,5706980000000.0,6060442000000.0,35063398000000.0,18470356000000.0,2024.0,CFS,지주,110750,18.495323981295925,34.69982306778526,175881.43776824034,-0.37031444929432683,207782.54052989813,-0.46699082744123044,🔥 강력,14313.0,11839.0,20.9,8.0,-0.3703,-0.467,-0.1864,-0.1323,강력매수,189.8,2026-10-07
267270,HD건설기계,KOSPI,6380557694000,01205842,5595.0,,3438062302000.0,650824965000.0,190421614000.0,85966730000.0,3324625332000.0,2112846135000.0,1063541773000.0,3324625332000.0,1793830435000.0,2024.0,CFS,건설/부동산,112100,20.03574620196604,25.364364329053195,164338.11695278971,-0.31786975487735714,141913.61842105264,-0.21008285711239283,🔥 강력,10112.0,10411.0,-2.9,8.0,-0.3179,-0.2101,0.0,0.0,매수,185.3,2026-10-07
001040,CJ,KOSPI,6039638586000,00148540,2993.0,2993.0,43646656090000.0,12623822787000.0,2547483645000.0,151195776000.0,47496993224000.0,13697532273000.0,16904989037000.0,29750607288000.0,17746385936000.0,2024.0,CFS,지주,131900,44.06949548947544,34.69982306778526,87911.34656652361,0.5003751523722779,103856.57044188128,0.2700207549585125,— 고평가,,,,,0.5004,0.27,0.0,0.0,강력매도,167.6,2026-10-07
001440,대한전선,KOSPI,5723932110000,00113207,409.0,409.0,3291299375000.0,263386194000.0,115169757000.0,74190402000.0,2642726208000.0,1775776357000.0,920138410000.0,2642726208000.0,1496112472000.0,2024.0,CFS,소재/철강,30250,73.96088019559902,73.96088019559902,12013.277896995709,1.5180471357917182,30249.999999999996,1.2026376221790787e-16,— 고평가,687.0,828.0,-17.0,8.0,1.518,0.0,-0.0,0.0,강력매도,176.6,2026-10-07
271560,오리온,KOSPI,5448078989600,01238169,13271.0,13271.0,3104338576129.0,1196174532214.0,543587778241.0,533229552422.0,4308449797008.0,1647381241517.0,537615043736.0,4308449797008.0,3574045867619.0,2024.0,CFS,유통/소비재,105600,7.957199909577274,19.07035175879397,389800.02682403434,-0.7290918606127481,253082.63819095475,-0.5827449849786883,🔥 강력,16685.0,20140.0,-17.2,8.0,-0.7291,-0.5827,0.0,-0.0,강력매수,120.5,2026-10-07
022100,포스코DX,KOSPI,4925925219600,00155212,580.0,580.0,1473290670631.0,187522952033.0,108991969223.0,88599060003.0,892453016139.0,676687634640.0,355027712350.0,892453016139.0,525897500876.0,2024.0,CFS,IT/전자,21300,36.724137931034484,46.37587157450949,17035.944206008586,0.250297590930562,26898.005513215503,-0.20811972510248375,— 고평가,693.0,1024.0,-32.3,8.0,0.2503,-0.2081,0.0,-0.0,중립,169.7,2026-10-07
062040,산일전기,KOSPI,4862795840000,00366438,3136.0,3061.0,333996550771.0,143563093705.0,109231906505.0,,492674198507.0,305188896644.0,52564399265.0,492674198507.0,434241887238.0,2024.0,OFS,소재/철강,234500,74.77678571428571,73.96088019559902,92111.58798283263,1.545825179386823,231941.32029339852,0.011031582054309402,⚠️ 주의,8387.0,,,6.0,1.5458,0.011,-0.0,0.0,강력매도,113.5,2026-10-07
251270,넷마블,KOSPI,4286527403300,00904672,313.0,308.0,,,215627215188.0,3216188118.0,8177066253496.0,1114816595237.0,1348239156045.0,8177066253496.0,5473860209795.0,2024.0,CFS,엔터/미디어,34500,110.22364217252397,15.915268049597646,9193.535407725321,2.7526368768873914,4981.478899524063,5.925654147264615,— 고평가,6082.0,2651.0,129.4,8.0,1.3763,2.9628,-0.0,0.0,강력매도,149.4,2026-10-07
082740,한화엔진,KOSPI,4093082315100,00361008,968.0,968.0,,116340351068.0,71531721192.0,79159548487.0,1413101954226.0,785001242520.0,586563184908.0,1019806164340.0,393295789886.0,2024.0,OFS,방산/중공업,46050,47.57231404958678,41.57239819004525,28432.403433476396,0.6196309294690365,40242.0814479638,0.14432450666216903,— 고평가,2924.0,1460.0,100.3,8.0,0.3098,0.0722,-0.0,-0.0,매도,259.3,2026-10-07
353200,대덕전자,KOSPI,4091721390000,01478712,466.0,466.0,892135903752.0,61547000833.0,11259489061.0,23762727122.0,1088723750887.0,465866345845.0,159688137695.0,1088723750887.0,875513939249.0,2024.0,CFS,IT/전자,152100,326.3948497854077,46.37587157450949,13687.5,10.112328767123287,21611.156153721422,6.038031603589543,— 고평가,1314.0,,,5.0,10.1123,6.038,0.0,-0.0,강력매도,124.4,2026-10-07
103590,일진전기,KOSPI,3938813214000,00683469,983.0,982.0,1577247371000.0,155643123000.0,79742010000.0,0.0,1249038272000.0,702238015000.0,606533501000.0,1249038272000.0,500309704000.0,2024.0,CFS,소재/철강,89300,90.8443540183113,73.96088019559902,28872.988197424893,2.092856180641685,72703.54523227383,0.22827572871039087,— 고평가,3789.0,1779.0,113.0,8.0,1.0464,0.1141,-0.0,-0.0,강력매도,249.7,2026-10-07
051900,LG생활건강,KOSPI,3909778274500,00356370,11281.0,11281.0,6811918756741.0,3560832396845.0,459045912180.0,203887730139.0,,2856048500735.0,1295900316472.0,,,2024.0,CFS,유통/소비재,272000,24.111337647371688,19.07035175879397,331349.114806867,-0.1791135456675649,215132.63819095475,0.26433628243134816,⚠️ 주의,,,,,-0.1791,0.2643,0.0,-0.0,중립,,2026-10-07
000990,DB하이텍,KOSPI,3832754202800,00160843,5520.0,5520.0,1131167709804.0,386836726833.0,190838683363.0,229385888355.0,2396851168578.0,1194370198832.0,316866668877.0,2396851168578.0,2000688804317.0,2024.0,CFS,IT/전자,136050,24.64673913043478,46.37587157450949,162135.19313304723,-0.16088544768711543,255994.8110912924,-0.4685439153238067,🔥 강력,11129.0,9822.0,13.3,8.0,-0.1609,-0.4685,-0.072,-0.1259,강력매수,119.8,2026-10-07
010060,OCI홀딩스,KOSPI,3790057096000,00148896,5077.0,5077.0,3577383349000.0,461046358000.0,101527729000.0,113723638000.0,8093654722000.0,4763348250000.0,1901359096000.0,3258113380000.0,4835541342000.0,2024.0,CFS,지주,244000,48.05987788063817,34.69982306778526,149123.25643776826,0.6362303629134163,176171.00171514577,0.3850179520153278,— 고평가,-10980.0,13767.0,-179.8,8.0,0.6362,0.385,-0.0,-0.0,강력매도,67.4,2026-10-07
036460,한국가스공사,KOSPI,3480200100000,00261285,13174.0,12422.0,84454000000.0,3412673000000.0,3003363000000.0,1148985000000.0,57669637000000.0,16968511000000.0,21266507000000.0,57669637000000.0,10826356000000.0,2024.0,CFS,에너지/화학,36250,2.751632002429027,16.744321490972627,386950.9120171674,-0.9063188666204985,220589.6913220734,-0.8356677513679778,🔥 강력,19326.0,,,7.0,-0.9063,-0.8357,0.0,0.0,강력매수,532.7,2026-10-07
011780,금호석유화학,KOSPI,3433586769800,00106368,13423.0,,7155003786012.0,585555234194.0,272804307588.0,348602013402.0,8340238952259.0,2710939308766.0,1534476881893.0,2298015880753.0,6042223071506.0,2024.0,CFS,에너지/화학,116000,8.641883334574983,16.744321490972627,394264.61909871246,-0.7057813600794928,224759.02737332557,-0.48389169789686104,🔥 강력,22521.0,24270.0,-7.2,8.0,-0.7058,-0.4839,-0.0,0.0,강력매수,38.0,2026-10-07
014680,한솔케미칼,KOSPI,3342837330000,00140955,10980.0,10912.0,776356975793.0,204763800102.0,128825376120.0,124893890949.0,1464678817159.0,348048080154.0,272370414176.0,1464678817159.0,1071443703044.0,2024.0,CFS,에너지/화학,265500,24.18032786885246,16.744321490972627,322508.04721030046,-0.17676472789879488,183852.64997087946,0.44409123307198844,⚠️ 주의,25291.0,19886.0,27.2,8.0,-0.1768,0.3837,-0.0324,0.0,중립,136.7,2026-10-07
004170,신세계,KOSPI,3317942264000,00136378,11776.0,11776.0,6570412728809.0,4052715965832.0,477024306786.0,186608863964.0,15071774121951.0,2342662811362.0,4947367431132.0,15071774121951.0,6374698444225.0,2024.0,CFS,유통/소비재,318500,27.046535326086957,19.07035175879397,345888.4120171674,-0.07918279729998012,224572.46231155779,0.41825046900956636,⚠️ 주의,11909.0,28914.0,-58.8,8.0,-0.0792,0.4183,0.0,-0.0,매도,236.4,2026-10-07
097950,CJ제일제당,KOSPI,3191487432000,00635134,9294.0,9294.0,29359081823000.0,6491694900000.0,1553017638000.0,361835555000.0,30149997467000.0,8546271600000.0,9956782579000.0,17907211781000.0,12242785686000.0,2024.0,CFS,유통/소비재,182900,19.67936302991177,19.07035175879397,272986.31974248926,-0.3300030559314056,177239.84924623114,0.03193497838009032,⚠️ 주의,-15389.0,,,6.0,-0.33,0.0319,0.0,0.0,중립,146.3,2026-10-07
051600,한전KPS,KOSPI,3037500000000,00159218,3832.0,3832.0,1557085808533.0,295354975574.0,209498645768.0,172441205945.0,1690214811558.0,1051206546951.0,347424669408.0,1690214811558.0,1328473540425.0,2024.0,CFS,소재/철강,44700,11.664926931106471,73.96088019559902,112554.72103004293,-0.6028598392770327,283418.09290953545,-0.8422824755430564,🔥 강력,5090.0,6876.0,-26.0,8.0,-0.6029,-0.8423,-0.0,0.0,강력매수,127.2,2026-10-07
005850,에스엘,KOSPI,2930901612000,00125521,7998.0,7998.0,4973273970111.0,688696386608.0,395164287548.0,381963573388.0,3698864220516.0,2346052089698.0,1142207374201.0,1301616145058.0,2397248075458.0,2024.0,CFS,자동차/부품,50900,6.364091022755689,7.516049660082354,234919.79613733906,-0.7833303074627104,60113.36518133867,-0.1532665016098421,🔥 강력,11906.0,,,7.0,-0.7833,-0.1533,-0.0,0.0,강력매수,54.3,2026-10-07
028670,팬오션,KOSPI,2849255498960,00122737,502.0,502.0,5161218000000.0,582734000000.0,471180000000.0,268143000000.0,10271506000000.0,2021806000000.0,1276861000000.0,10271506000000.0,5653383000000.0,2024.0,CFS,운송/물류,6250,12.450199203187251,10.585727756388915,14744.903433476395,-0.5761247248449126,5314.035333707235,0.1761306817732067,⚠️ 주의,1037.0,1065.0,-2.6,8.0,-0.5761,0.1761,0.0,0.0,매수,181.7,2026-10-07
112610,씨에스윈드,KOSPI,2787529738300,00670340,3434.0,3409.0,3072529196695.0,404441400056.0,255481950329.0,143668438531.0,3609483010970.0,1828066183450.0,1480639888675.0,3609483010970.0,1200264992078.0,2024.0,CFS,에너지/화학,57500,16.744321490972627,16.744321490972627,100864.53862660944,-0.42992848841693193,57500.0,0.0,⚠️ 주의,5398.0,6824.0,-20.9,8.0,-0.4299,0.0,-0.0,0.0,매수,300.7,2026-10-07
071970,HD현대마린엔진,KOSPI,2727288198000,00406046,2464.0,2464.0,315793988713.0,69600469181.0,33193655658.0,75775091634.0,494962962578.0,293886545654.0,180908739583.0,185588379579.0,309374582999.0,2024.0,CFS,방산/중공업,45550,18.4862012987013,41.57239819004525,72373.39055793991,-0.3706250370633932,102434.3891402715,-0.5553251170598109,🔥 강력,,,,,-0.3706,-0.5553,-0.0,0.0,강력매수,60.0,2026-10-07
006360,GS건설,KOSPI,2721491382000,00120030,2893.0,2893.0,12863811468386.0,1114179838862.0,285954335787.0,263924031753.0,17803293924556.0,8666549605548.0,9031905115658.0,17803293924556.0,5087123959443.0,2024.0,CFS,건설/부동산,32950,11.389561009332873,25.364364329053195,84974.11480686696,-0.6122348544037174,73379.10600395089,-0.5509620954195612,🔥 강력,1728.0,6197.0,-72.1,8.0,-0.6122,-0.551,-0.0,-0.0,강력매수,350.0,2026-10-07
008930,한미사이언스,KOSPI,2629655097500,00161426,878.0,878.0,,,98867912225.0,56693106363.0,1349078932369.0,327964548355.0,468827139886.0,1349078932369.0,838703712282.0,2024.0,CFS,바이오/제약,57500,65.48974943052391,54.5245536212378,25788.894849785407,1.2296418801551887,47872.55807944679,0.20110565022608592,⚠️ 주의,3020.0,1918.0,57.5,8.0,0.8761,0.1433,-0.0,-0.1195,강력매도,160.9,2026-10-07
026960,동서,KOSPI,2612140000000,00144395,1594.0,1594.0,488860392545.0,85503328555.0,44476967156.0,159046264652.0,1779146551075.0,899754296790.0,59271554235.0,1779146551075.0,1709476549885.0,2024.0,CFS,유통/소비재,26450,16.593475533249688,19.07035175879397,46819.47424892704,-0.435064138922787,30398.140703517587,-0.12988099311813237,🔥 강력,2665.0,2929.0,-9.0,8.0,-0.4351,-0.1299,0.0,-0.0,매수,104.1,2026-10-07
000120,CJ대한통운,KOSPI,2596044747200,00113410,12088.0,,12116761147160.0,1386661508536.0,530663067133.0,268320297629.0,9743855522383.0,2783266786865.0,2996783656303.0,5518255667581.0,4225599854802.0,2024.0,CFS,운송/물류,70450,5.828093977498345,10.585727756388915,355052.5751072962,-0.8015786817523851,127960.2771192292,-0.4494385164987022,🔥 강력,18749.0,19416.0,-3.4,8.0,-0.8016,-0.4494,-0.0,0.0,강력매수,130.6,2026-10-07
017960,한국카본,KOSPI,2585040909600,00159795,413.0,413.0,741740847191.0,117582507015.0,45446301892.0,20321351760.0,878968656770.0,460860282424.0,369168308880.0,878968656770.0,474286350797.0,2024.0,CFS,에너지/화학,20500,49.63680387409201,16.744321490972627,12130.767167381975,0.6899178524439726,6915.404775771695,1.9643962522370775,— 고평가,3394.0,933.0,263.8,8.0,0.345,0.9822,-0.0,0.0,강력매도,185.3,2026-10-07
204320,HL만도,KOSPI,2530988768000,01042775,2767.0,,8848181871751.0,1323249482554.0,358760766831.0,158249191839.0,7052043027166.0,3676853130994.0,2900489614702.0,4379288260980.0,2672754766186.0,2024.0,CFS,자동차/부품,45600,16.47994217564149,7.516049660082354,81273.20278969957,-0.43892945725304594,20796.90940944787,1.192633487131712,⚠️ 주의,3751.0,4630.0,-19.0,8.0,-0.4389,1.1926,0.0,-0.0,강력매도,163.8,2026-10-07
004800,효성,KOSPI,2516083172100,00117188,7510.0,,2272756398560.0,519612464605.0,221133379310.0,484258153404.0,4340864429768.0,1021710482736.0,1351828011529.0,4340864429768.0,2504438694987.0,2024.0,CFS,소재/철강,154000,20.505992010652463,73.96088019559902,220586.1051502146,-0.30185992497066316,555446.2102689486,-0.7227454303353105,🔥 강력,31688.0,,,7.0,-0.3019,-0.7227,0.0,0.0,강력매수,173.3,2026-10-07
030000,제일기획,KOSPI,2450378092500,00148276,2049.0,2049.0,,,320720587990.0,208342984365.0,3306550192963.0,2723977664902.0,1564856744000.0,3306550192963.0,1474033393149.0,2024.0,CFS,엔터/미디어,18990,9.267935578330894,15.915268049597646,60183.87875536481,-0.6844669969313464,32610.384233625577,-0.4176701548821733,🔥 강력,,,,,-0.6845,-0.4177,0.0,-0.0,강력매수,224.3,2026-10-07
005440,현대지에프홀딩스,KOSPI,2436784224630,00105280,4483.0,,7409277127000.0,2109219238000.0,198099994000.0,791959780000.0,,3874977499000.0,2024324094000.0,,,2024.0,CFS,지주,12340,2.7526210127147,34.69982306778526,131676.09978540774,-0.9062851951104987,155559.30681288132,-0.9206733415516983,🔥 강력,5042.0,7942.0,-36.5,8.0,-0.9063,-0.9207,-0.0,-0.0,강력매수,,2026-10-07
018670,SK가스,KOSPI,2403763440000,00144164,19926.0,19841.0,7095902060317.0,607792768526.0,287176575159.0,177768044603.0,7539621970135.0,2608910830555.0,2021018622987.0,4801285742388.0,2738336227747.0,2024.0,CFS,에너지/화학,273000,13.70069256248118,16.744321490972627,585272.8004291846,-0.5335508504755266,333647.3500291206,-0.18177081287721092,🔥 강력,54108.0,34680.0,56.0,8.0,-0.5336,-0.1818,-0.4412,-0.1297,강력매수,175.3,2026-10-07
383220,F&F,KOSPI,2401853602500,01568413,9504.0,,,1246992536124.0,450737459737.0,355959818501.0,2285904738684.0,636793849985.0,522109298846.0,2285904738684.0,1577298222080.0,2024.0,CFS,유통/소비재,73700,7.75462962962963,19.07035175879397,279154.5064377682,-0.7359884999154406,181244.62311557788,-0.5933672473527546,🔥 강력,17104.0,,,7.0,-0.736,-0.5934,0.0,0.0,강력매수,144.9,2026-10-07
001430,세아베스틸지주,KOSPI,2374072277800,00106669,564.0,564.0,3636063257694.0,258024229486.0,52332166350.0,20273054942.0,3826646864046.0,1712680355639.0,1137233323820.0,1795239994311.0,2031406869735.0,2024.0,CFS,지주,45150,80.05319148936171,34.69982306778526,16565.98712446352,1.7254639075099578,19570.700210230887,1.307020163560481,— 고평가,3175.0,,,5.0,1.7255,1.307,-0.0,-0.0,강력매도,88.4,2026-10-07
081660,미스토홀딩스,KOSPI,2365241472000,00195229,1417.0,1417.0,,2237830441572.0,360803535166.0,207722009422.0,5536390124625.0,2462449282236.0,1233701673828.0,2800091219487.0,5536390124625.0,2024.0,CFS,지주,39000,27.522935779816514,34.69982306778526,41620.574034334764,-0.06296342842779942,49169.64928705171,-0.20682777759266582,⚠️ 주의,8113.0,4516.0,79.7,8.0,-0.063,-0.2068,-0.0221,0.0,중립,50.6,2026-10-07
007340,DN오토모티브,KOSPI,2325806883750,00116949,6222.0,,3434542268000.0,896748518000.0,522916807000.0,318229010000.0,5006031529000.0,1964801236000.0,1334190771000.0,5006031529000.0,2170771614000.0,2024.0,CFS,자동차/부품,49100,7.891353262616522,7.516049660082354,182754.5600858369,-0.731333653305622,46764.86098503241,0.04993362464425971,🔥 강력,9071.0,27618.0,-67.2,8.0,-0.7313,0.0499,-0.0,-0.0,강력매수,230.6,2026-10-07
004370,농심,KOSPI,2314445281000,00108241,27202.0,26747.0,3937893872782.0,965542188520.0,163073931930.0,157630314203.0,3597461570702.0,1743739590775.0,678174791731.0,924886441245.0,2672575129457.0,2024.0,CFS,유통/소비재,400000,14.704801117564886,19.07035175879397,798985.7832618026,-0.4993653098969691,518751.70854271355,-0.22891820226734855,🔥 강력,53412.0,50127.0,6.6,8.0,-0.4994,-0.2289,-0.0425,-0.016,강력매수,34.6,2026-10-07
023590,다우기술,KOSPI,2283710805300,00176914,8246.0,7756.0,11625798455732.0,1932353644384.0,1174681942719.0,852762689452.0,57147924043319.0,47687656704946.0,47941097923479.0,50855367307244.0,6292556736075.0,2024.0,CFS,IT/전자,37900,4.596167838952219,46.37587157450949,242204.13090128757,-0.8435204227980468,382415.43700340524,-0.9008931221579779,🔥 강력,20674.0,15165.0,36.3,8.0,-0.8435,-0.9009,-0.8071,-1.1916,강력매수,808.2,2026-10-07
192820,코스맥스,KOSPI,2225638714900,01009789,7562.0,,2166089636742.0,418207304227.0,175395279105.0,88417411666.0,1933713489313.0,940910911301.0,1114158039590.0,1424903002848.0,508810486465.0,2024.0,CFS,유통/소비재,307000,40.59772546945253,19.07035175879397,222113.46566523606,0.3821764433800823,144210.0,1.1288398862769573,⚠️ 주의,14197.0,14079.0,0.8,8.0,0.3806,1.1243,-0.001,-0.0,강력매도,280.0,2026-10-07
002790,아모레퍼시픽홀딩스,KOSPI,2156120676000,00154462,2786.0,2786.0,4259886701995.0,3059399831769.0,249277525878.0,652873028811.0,8540521424208.0,2583268440605.0,1138099827158.0,1548821316419.0,6991700107789.0,2024.0,CFS,유통/소비재,26500,9.511844938980618,19.07035175879397,81831.27682403434,-0.6761629412555276,53130.0,-0.5012234142668925,🔥 강력,2690.0,5636.0,-52.3,8.0,-0.6762,-0.5012,0.0,0.0,강력매수,22.2,2026-10-07
475150,SK이터닉스,KOSPI,2021867115800,01817081,677.0,671.0,332151737229.0,56469483067.0,37637399717.0,22380995585.0,731694676657.0,255027256240.0,297066304665.0,731694676657.0,241972753239.0,2024.0,CFS,에너지/화학,49400,72.96898079763663,16.744321490972627,19885.059012875536,1.4842772640510444,11335.90564938847,3.3578344358101595,— 고평가,1214.0,,,4.0,1.4843,3.3578,-0.0,0.0,강력매도,302.4,2026-10-07
000500,가온전선,KOSPI,1894186667500,00104768,3270.0,3270.0,1727103680000.0,116630037000.0,45011778000.0,25355195000.0,1042884426000.0,654804752000.0,518334366000.0,1042884426000.0,453705043000.0,2024.0,CFS,소재/철강,318500,97.4006116207951,73.96088019559902,96047.47854077254,2.3160683116193983,241852.0782396088,0.3169206662117422,⚠️ 주의,6028.0,,,5.0,2.3161,0.3169,-0.0,0.0,강력매도,229.9,2026-10-07
161890,한국콜마,KOSPI,1810509405900,00939331,3830.0,3830.0,2452063980463.0,698925522349.0,193850424348.0,125324615188.0,3126693019808.0,858706005147.0,1215031627082.0,3126693019808.0,1505731966547.0,2024.0,CFS,유통/소비재,144600,37.75456919060052,19.07035175879397,112495.97639484979,0.2853793054114954,73039.4472361809,0.9797521130249023,⚠️ 주의,8687.0,6229.0,39.5,8.0,0.229,0.7863,-0.1069,0.0,강력매도,207.7,2026-10-07
073240,금호타이어,KOSPI,1792504190880,00481454,1131.0,1131.0,4532177923979.0,1382249445688.0,588591711860.0,351617959521.0,5362836776663.0,2335000622135.0,2258019237755.0,5362836776663.0,1904822013747.0,2024.0,CFS,자동차/부품,6650,5.879752431476569,7.516049660082354,33220.09120171674,-0.7998199354836105,8500.652165553141,-0.21770708052877008,🔥 강력,1830.0,1998.0,-8.4,8.0,-0.7998,-0.2177,-0.0,-0.0,강력매수,281.5,2026-10-07
462870,시프트업,KOSPI,1790174719000,01384787,2734.0,2659.0,,,152676273166.0,147973272692.0,803831909889.0,768171881980.0,28585967115.0,803831909889.0,764404135605.0,2024.0,OFS,엔터/미디어,31400,11.485003657644477,15.915268049597646,80303.91630901289,-0.6089854462493278,43512.34284759997,-0.2783656786770344,🔥 강력,5578.0,,,6.0,-0.609,-0.2784,0.0,0.0,강력매수,105.2,2026-10-07
058470,리노공업,KOSDAQ GLOBAL,8512863645000,00369657,7463.0,7463.0,278186189427.0,138166081317.0,124201343872.0,113279046428.0,657443780756.0,449498090730.0,30614692642.0,34814668593.0,622629112163.0,2024.0,OFS,IT/전자,87200,11.68430925901112,46.37587157450949,219205.60622317597,-0.6021999550904706,346103.1295605643,-0.7480519748240504,🔥 강력,5029.0,12403.0,-59.5,8.0,-0.6022,-0.7481,-0.0,-0.0,강력매수,5.6,2026-10-07
214370,케어젠,KOSDAQ,6016080000000,00549891,658.0,658.0,82585947786.0,55317323136.0,34249787129.0,32313654383.0,240696868067.0,96406401615.0,8066161756.0,240696868067.0,222977779434.0,2024.0,CFS,바이오/제약,44100,67.02127659574468,54.5245536212378,19326.984978540775,1.2817837365199647,35877.15628277447,0.22919441140806146,— 고평가,888.0,1213.0,-26.8,8.0,1.2818,0.2292,-0.0,0.0,강력매도,107.9,2026-10-07
039030,이오테크닉스,KOSDAQ GLOBAL,5291246725000,00246417,3870.0,3870.0,320945496298.0,89025389191.0,31201085341.0,42670270031.0,653015311226.0,445645616892.0,48106248426.0,653015311226.0,603031420844.0,2024.0,CFS,IT/전자,519000,134.10852713178295,46.37587157450949,113670.86909871246,3.565813599518601,179474.62299335172,1.891773730145823,— 고평가,7971.0,6048.0,31.8,8.0,2.9988,1.591,-0.0,0.0,강력매도,108.3,2026-10-07
095340,ISC,KOSDAQ GLOBAL,5235673326000,00572905,2671.0,2622.0,174480093980.0,74397761444.0,44784268057.0,54898977342.0,,405104881247.0,52271209748.0,,582882970486.0,2024.0,CFS,IT/전자,202500,75.81430175964059,46.37587157450949,78453.46030042919,1.581148100090777,123869.95297551484,0.6347790173136485,— 고평가,4352.0,,,7.0,1.5811,0.6348,0.0,0.0,강력매도,,2026-10-07
403870,HPSP,KOSDAQ GLOBAL,4213760000000,01288827,1056.0,1035.0,181401607828.0,129611645669.0,93945693775.0,86280231062.0,319896333507.0,237711760468.0,40960057034.0,319896333507.0,277910828155.0,2024.0,OFS,IT/전자,66100,62.59469696969697,46.37587157450949,31017.16738197425,1.1310779023107789,48972.92038268202,0.3497255112311929,— 고평가,1514.0,1698.0,-10.8,8.0,1.1311,0.3497,-0.0,0.0,강력매도,115.1,2026-10-07
214150,클래시스,KOSDAQ GLOBAL,3483584190600,01061327,1517.0,1509.0,,191127529489.0,122442594301.0,97543753801.0,608378808831.0,234201823223.0,128903651305.0,608378808831.0,452643914758.0,2024.0,CFS,바이오/제약,30950,20.40210942649967,54.5245536212378,44557.80579399142,-0.3053966763288515,82713.74784341775,-0.6258179467506385,⚠️ 주의,3380.0,2598.0,30.1,8.0,-0.3054,-0.6258,0.0,-0.1108,강력매수,134.4,2026-10-07
083650,비에이치아이,KOSDAQ,3388409062500,00409788,633.0,,404741038609.0,59118017516.0,21927258374.0,19585052430.0,524776405785.0,247320460329.0,379905605041.0,524776405785.0,116446559547.0,2024.0,CFS,방산/중공업,57500,90.83728278041075,41.57239819004525,18592.67703862661,2.0926154356654902,26315.328054298643,1.1850383123233494,— 고평가,3731.0,932.0,300.3,8.0,1.0463,0.5925,-0.0,-0.0,강력매도,450.7,2026-10-07
036930,주성엔지니어링,KOSDAQ GLOBAL,3383825608800,00252135,2272.0,2272.0,409393371588.0,248966783783.0,97196211588.0,106814110967.0,986824795276.0,398129947454.0,191704927851.0,986824795276.0,566590299600.0,2024.0,CFS,건설/부동산,258750,113.88644366197182,25.364364329053195,66733.90557939914,2.8773393787381822,57627.83575560886,3.490017655657251,— 고평가,1665.0,4065.0,-59.0,8.0,2.8773,3.49,0.0,-0.0,강력매도,174.2,2026-10-07
214450,파마리서치,KOSDAQ GLOBAL,3376635600000,00970453,8941.0,8941.0,350115068641.0,251237257221.0,126050757121.0,88943035620.0,855700916352.0,554541963954.0,82817556411.0,855700916352.0,569440798163.0,2024.0,CFS,바이오/제약,310000,34.67173694217649,54.5245536212378,262617.8916309013,0.18042224036925975,487504.03392748715,-0.3641078259341945,⚠️ 주의,27692.0,16102.0,72.0,8.0,0.1155,-0.3641,0.0,-0.2496,중립,150.3,2026-10-07
357780,솔브레인,KOSDAQ GLOBAL,3329226248000,01489648,15296.0,15296.0,863356156458.0,246389216344.0,167948756594.0,119611878137.0,1168214133834.0,521491176326.0,123720340559.0,1168214133834.0,1037335849194.0,2024.0,CFS,IT/전자,411500,26.902458158995817,46.37587157450949,449278.96995708154,-0.08408799984715615,709365.3316036972,-0.4199039878792756,🔥 강력,19162.0,30723.0,-37.6,8.0,-0.0841,-0.4199,-0.0,-0.0,매수,112.6,2026-10-07
145020,휴젤,KOSDAQ GLOBAL,3285176811000,00888347,12520.0,11988.0,373046885998.0,287175496572.0,166229170618.0,143134582847.0,939439325841.0,522925414568.0,61079734078.0,939439325841.0,840812000743.0,2024.0,CFS,바이오/제약,184800,14.76038338658147,54.5245536212378,367741.4163090129,-0.49747297474725377,682647.4113378973,-0.7292892393192896,🔥 강력,22410.0,21382.0,4.8,8.0,-0.4975,-0.7293,-0.0129,-0.0453,강력매수,111.7,2026-10-07
237690,에스티팜,KOSDAQ GLOBAL,3137747626000,00871833,1780.0,1780.0,,96162795005.0,27692533192.0,32463839888.0,721875709831.0,330078457410.0,133281223062.0,,721875709831.0,2024.0,CFS,바이오/제약,96800,54.38202247191011,54.5245536212378,52282.725321888414,0.8514719614180903,97053.70544580328,-0.0026140727408388753,— 고평가,3876.0,2914.0,33.0,8.0,0.711,-0.0026,-0.0,-0.0,강력매도,,2026-10-07
084370,유진테크,KOSDAQ,2965335834800,00531014,2845.0,2838.0,338067812312.0,165702800465.0,61177012897.0,65440277257.0,539499743575.0,391289214675.0,83383640937.0,539499743575.0,435742335000.0,2024.0,CFS,IT/전자,169700,59.64850615114236,46.37587157450949,83564.24356223176,1.030772885218801,131939.3546294795,0.2861969840352968,— 고평가,3079.0,4103.0,-25.0,8.0,1.0308,0.2862,-0.0,0.0,강력매도,123.8,2026-10-07
064760,티씨케이,KOSDAQ GLOBAL,2828392248000,00245472,6167.0,6167.0,275724843444.0,104138745044.0,80747924196.0,71994036570.0,563519610069.0,405757965821.0,44574894545.0,563519610069.0,516254748314.0,2024.0,OFS,IT/전자,286000,46.37587157450949,46.37587157450949,181139.08261802577,0.5788972532399209,286000.0,0.0,⚠️ 주의,10730.0,10735.0,-0.0,8.0,0.5789,0.0,0.0,0.0,매도,109.2,2026-10-07
178320,서진시스템,KOSDAQ,2818956960000,00838005,1696.0,1364.0,1213752801436.0,213424277129.0,108700662517.0,83921126833.0,2103214252543.0,1141566418825.0,884795098474.0,2103214252543.0,875584263726.0,2024.0,CFS,IT/전자,41350,24.380896226415093,46.37587157450949,49815.45064377683,-0.16993624536917384,78653.4781903681,-0.47427626913181165,🔥 강력,-4063.0,2150.0,-289.0,8.0,-0.1699,-0.4743,-0.0,0.0,강력매수,240.2,2026-10-07
068760,셀트리온제약,KOSDAQ,2677817062600,00541349,531.0,530.0,477835307770.0,122010870123.0,37222949682.0,21966117520.0,669462477938.0,391673280914.0,247650113121.0,669462477938.0,396921557126.0,2024.0,OFS,바이오/제약,39900,75.14124293785311,54.5245536212378,15596.700643776825,1.558233366870469,28952.53797287727,0.3781175259101053,— 고평가,1580.0,912.0,73.2,8.0,0.9879,0.2397,0.0,-0.0,강력매도,168.7,2026-10-07
058610,에스피지,KOSDAQ,2672371880000,00220686,591.0,591.0,388476767485.0,63687613191.0,12335226942.0,13113747075.0,397514155964.0,267611617008.0,118946486396.0,397514155964.0,254135688485.0,2024.0,CFS,IT/전자,101600,171.91201353637902,46.37587157450949,17359.039699570818,4.852858323868684,27408.140100535107,2.706927928247725,— 고평가,,,,,4.8529,2.7069,-0.0,-0.0,강력매도,156.4,2026-10-07
263750,펄어비스,KOSDAQ GLOBAL,2666285982500,01152470,982.0,982.0,,,,60343569967.0,1142821061456.0,453262511474.0,133158155310.0,1142821061456.0,805974577846.0,2024.0,CFS,엔터/미디어,33350,33.961303462321794,15.915268049597646,28843.61587982833,0.15623506216927516,15628.793224704888,1.1338819651975869,— 고평가,-27.0,1212.0,-102.2,8.0,0.1562,1.1339,0.0,0.0,강력매도,141.8,2026-10-07
005290,동진쎄미켐,KOSDAQ,2560441801200,00118804,3010.0,3010.0,,364457457526.0,208225729660.0,143484559745.0,2016989003189.0,1082970678911.0,722768727205.0,996558402618.0,1020430600571.0,2024.0,CFS,IT/전자,51500,17.109634551495017,46.37587157450949,88410.67596566524,-0.41749116339750303,139591.37343927356,-0.6310660269962596,🔥 강력,3249.0,5281.0,-38.5,8.0,-0.4175,-0.6311,-0.0,0.0,강력매수,97.7,2026-10-07
257720,실리콘투,KOSDAQ,2355118458000,00982023,1990.0,1981.0,691522368911.0,232826970951.0,137575012281.0,120738196347.0,457759144111.0,297095793185.0,189336374914.0,196171192588.0,261587951523.0,2024.0,CFS,유통/소비재,37950,19.07035175879397,19.07035175879397,58450.912017167386,-0.35073724788325195,37950.0,0.0,🔥 강력,4927.0,3457.0,42.5,8.0,-0.3507,0.0,-0.1287,-0.0089,매수,75.0,2026-10-07
035900,JYP Ent.,KOSDAQ GLOBAL,2352250970400,00258689,2951.0,2951.0,601787883332.0,256381549018.0,128262269240.0,97714913917.0,678782059891.0,362268599891.0,174828773094.0,678782059891.0,482881501386.0,2024.0,CFS,엔터/미디어,38700,13.114198576753642,15.915268049597646,86677.70922746781,-0.5535184265375563,46965.95601436265,-0.1759988876162734,🔥 강력,8857.0,5119.0,73.0,8.0,-0.5535,-0.176,-0.168,-0.104,강력매수,140.6,2026-10-07
041510,에스엠,KOSDAQ GLOBAL,2248258558000,00260930,795.0,795.0,989725343114.0,307235206265.0,87296655446.0,818849820.0,1419108143782.0,814044282096.0,484572824709.0,1419108143782.0,829079862089.0,2024.0,CFS,엔터/미디어,79400,99.87421383647799,15.915268049597646,23350.992489270386,2.400283736825479,12652.638099430129,5.2753711420526725,— 고평가,29024.0,1902.0,1426.0,8.0,1.2001,2.6377,0.0,-0.0,강력매도,171.2,2026-10-07
218410,RFHIC,KOSDAQ,2148173457800,01078178,995.0,995.0,114875963020.0,35648403400.0,1529788265.0,19698779772.0,482949216872.0,317854211716.0,95043343488.0,482949216872.0,357960809650.0,2024.0,CFS,IT/전자,59800,60.10050251256281,46.37587157450949,29225.456008583693,1.0461614006103577,46143.99221663694,0.29594335312928266,— 고평가,1788.0,2018.0,-11.4,8.0,1.0462,0.2959,0.0,0.0,강력매도,134.9,2026-10-07
098460,고영,KOSDAQ,1994420632750,00579999,319.0,317.0,202538127214.0,125851699437.0,3322352718.0,20998990602.0,377932270492.0,284011001294.0,36095207500.0,54763375690.0,323168894802.0,2024.0,CFS,IT/전자,36400,114.1065830721003,46.37587157450949,9369.769313304721,2.8848341707104104,14793.903032268527,1.4604730692504986,— 고평가,330.0,475.0,-30.5,8.0,2.8848,1.4605,0.0,0.0,강력매도,16.9,2026-10-07
131970,두산테스나,KOSDAQ GLOBAL,1979109171200,00563545,1912.0,1912.0,373117930000.0,67807589000.0,37923282000.0,36781312000.0,787696560000.0,113602076000.0,183136544000.0,787696560000.0,437666508000.0,2024.0,CFS,IT/전자,111500,58.31589958158996,46.37587157450949,56159.87124463519,0.9854034122389713,88670.66645046214,0.257462072446382,— 고평가,-668.0,3802.0,-117.6,8.0,0.9854,0.2575,-0.0,0.0,강력매도,180.0,2026-10-07
078600,대주전자재료,KOSDAQ,1953650836600,00177816,2477.0,2268.0,219316249770.0,61986409925.0,29353571296.0,36394010154.0,622950058762.0,175050332242.0,315426510534.0,622950058762.0,230239136477.0,2024.0,CFS,IT/전자,112100,45.25635849818329,46.37587157450949,72755.23068669529,0.5407826893262765,114873.03389006,-0.02413999000595696,— 고평가,2548.0,3608.0,-29.4,8.0,0.5408,-0.0241,-0.0,-0.0,매도,270.6,2026-10-07
140860,파크시스템스,KOSDAQ GLOBAL,1910333061000,00244747,6175.0,6156.0,175059849427.0,114217506199.0,38529871391.0,42803661818.0,274315476326.0,191151103812.0,62937674219.0,274315476326.0,187909793142.0,2024.0,CFS,IT/전자,311000,50.364372469635626,46.37587157450949,181374.0611587983,0.7146884070027545,286371.0069725961,0.08600379377707301,⚠️ 주의,9092.0,9414.0,-3.4,8.0,0.7147,0.086,-0.0,-0.0,강력매도,146.0,2026-10-07
038500,삼표시멘트,KOSDAQ,1874506235220,00239639,616.0,616.0,790786523331.0,169229127166.0,103930124574.0,66099929851.0,1485067226446.0,317873666526.0,311290002411.0,1485067226446.0,756213299450.0,2024.0,CFS,소재/철강,8140,13.214285714285714,73.96088019559902,18093.34763948498,-0.5501108936725375,45559.90220048899,-0.8213341204250295,🔥 강력,540.0,1019.0,-47.0,8.0,-0.5501,-0.8213,-0.0,0.0,강력매수,196.4,2026-10-07
101490,에스앤에스텍,KOSDAQ,1821998666600,00411048,1452.0,1452.0,176013891367.0,59493427722.0,29478688017.0,30313647619.0,297031688485.0,155043401195.0,39676525728.0,297031688485.0,246847048853.0,2024.0,CFS,IT/전자,52700,36.294765840220386,46.37587157450949,42648.60515021459,0.23567933381133876,67337.76552618778,-0.21737824847328988,— 고평가,4467.0,2585.0,72.8,8.0,0.1499,-0.2174,0.0,0.0,중립,120.3,2026-10-07
437730,삼현,KOSDAQ,1759769968500,00262266,274.0,,100447699055.0,13837444224.0,5516949984.0,8314379320.0,140292826674.0,94293156974.0,20997060791.0,140292826674.0,115237838264.0,2024.0,CFS,소재/철강,51900,189.4160583941606,73.96088019559902,8048.015021459228,5.448795120487951,20265.281173594132,1.561030343246667,— 고평가,,,,,5.4488,1.561,-0.0,-0.0,강력매도,121.7,2026-10-07
232140,와이씨,KOSDAQ,1735259152500,01109539,137.0,137.0,211241210832.0,58448212614.0,10599506307.0,12926037556.0,576855440421.0,260930516127.0,101255439318.0,576855440421.0,418212295510.0,2024.0,CFS,IT/전자,17280,126.13138686131387,46.37587157450949,4024.007510729614,3.2942265773422656,6353.4944057078,1.7197631565514777,— 고평가,270.0,205.0,31.7,8.0,2.7721,1.4472,0.0,0.0,강력매도,137.9,2026-10-07
080220,제주반도체,KOSDAQ,1525817501900,00447487,581.0,581.0,162349945455.0,35407901848.0,9581360274.0,19405207353.0,225427601825.0,175914531374.0,38259555518.0,225427601825.0,184233770184.0,2024.0,CFS,IT/전자,85700,147.50430292598966,46.37587157450949,17065.31652360515,4.02188165578164,26944.381384790013,2.1806260005055185,— 고평가,1306.0,,,7.0,4.0219,2.1806,0.0,0.0,강력매도,122.4,2026-10-07
397030,에이프릴바이오,KOSDAQ,1505599377000,01375822,913.0,913.0,,,16869084717.0,20005162287.0,99598583008.0,96626064721.0,8482191743.0,99598583008.0,90987762157.0,2024.0,OFS,바이오/제약,15880,17.393209200438115,54.5245536212378,26816.925965665236,-0.4078366767193306,49780.91745619011,-0.6810022632874282,— 고평가,-759.0,1533.0,-149.5,8.0,-0.4078,-0.681,0.0,0.0,강력매수,109.5,2026-10-07
195940,HK이노엔,KOSDAQ GLOBAL,1475987321100,01012066,2174.0,2174.0,897141915178.0,435072884504.0,88224439067.0,61580192966.0,1889575171545.0,385467722761.0,463964828224.0,1889575171545.0,1251377196361.0,2024.0,OFS,바이오/제약,40550,18.652253909843605,54.5245536212378,63855.41845493562,-0.3649716659735437,118536.37957257098,-0.6579109287273763,🔥 강력,4367.0,3671.0,19.0,8.0,-0.365,-0.6579,-0.0305,-0.141,강력매수,151.0,2026-10-07
082920,비츠로셀,KOSDAQ,1366985231550,00154718,2300.0,2300.0,210779361832.0,70487152733.0,51910636695.0,51260348099.0,317852058044.0,237675367513.0,32826959998.0,317852058044.0,283013473108.0,2024.0,CFS,소재/철강,29900,13.0,73.96088019559902,67556.330472103,-0.5574063926940639,170110.02444987773,-0.8242314049586776,🔥 강력,3001.0,3773.0,-20.5,8.0,-0.5574,-0.8242,0.0,0.0,강력매수,112.3,2026-10-07
131290,티에스이,KOSDAQ,1347282052200,00372226,3956.0,3956.0,348053207965.0,87004601378.0,39898852512.0,45031658141.0,519408350485.0,268896709967.0,94754519261.0,519408350485.0,399699298627.0,2024.0,CFS,IT/전자,303000,76.59251769464105,46.37587157450949,116196.88841201717,1.6076429768549938,183462.94794875954,0.6515596385414383,🔥 강력,5266.0,5848.0,-10.0,8.0,1.6076,0.6516,0.0,0.0,강력매도,129.9,2026-10-07
281740,레이크머티리얼즈,KOSDAQ,1313296349040,01255652,317.0,,138725778383.0,36275419374.0,22166082728.0,21020540344.0,351334173536.0,127529963803.0,113875215680.0,351334173536.0,131371346090.0,2024.0,CFS,소재/철강,12710,40.094637223974765,73.96088019559902,9311.024678111587,0.36504847096783494,23445.599022004888,-0.457893995880804,— 고평가,168.0,492.0,-65.9,8.0,0.365,-0.4579,-0.0,0.0,중립,267.4,2026-10-07
183300,코미코,KOSDAQ GLOBAL,1258420285200,00997812,5402.0,5402.0,,234809809531.0,112461653836.0,87845843289.0,800342522976.0,319319304670.0,276059405083.0,800342522976.0,375718062479.0,2024.0,CFS,IT/전자,33500,6.201406886338393,46.37587157450949,158669.25965665237,-0.7888689966002783,250522.45824550025,-0.8662794536082208,🔥 강력,9331.0,,,7.0,-0.7889,-0.8663,0.0,0.0,강력매수,213.0,2026-10-07
166090,하나머티리얼즈,KOSDAQ GLOBAL,1226215788000,00660750,1627.0,1617.0,251646191336.0,74430632865.0,43411736320.0,31756594796.0,573884327709.0,137267888958.0,121039753948.0,573884327709.0,353781902893.0,2024.0,CFS,IT/전자,62200,38.22987092808851,46.37587157450949,47788.760729613736,0.3015612677617712,75453.54305172694,-0.1756516992534203,⚠️ 주의,3058.0,2613.0,17.0,8.0,0.2759,-0.1757,-0.0,-0.017,중립,162.2,2026-10-07
253450,스튜디오드래곤,KOSDAQ GLOBAL,1200836995100,01168684,1114.0,1114.0,550080744350.0,67972349289.0,36393818100.0,33488155067.0,925506475223.0,393799198479.0,169437693840.0,185882470870.0,739624004353.0,2024.0,CFS,엔터/미디어,20850,18.716337522441652,15.915268049597646,32720.761802575107,-0.3627898969528541,17729.60860725178,0.17599888761627347,— 고평가,594.0,1853.0,-67.9,8.0,-0.3628,0.176,0.0,-0.0,중립,25.1,2026-10-07
