Code,Name,Market,Marcap,corp_code,EPS,EPS_diluted,revenue,gross_profit,op_income,net_income,total_assets,current_assets,current_liab,total_liab,equity,data_year,fs_div,Sector,price,PER,sector_median_per,fair_price_market,gap_market,fair_price_sector,gap_sector,signal
005930,삼성전자,KOSPI,1180375801646800,126380,4950.0,4950.0,300870903000000.0,114308635000000.0,32725961000000.0,34451351000000.0,514531948000000.0,227062266000000.0,93326299000000.0,112339878000000.0,402192070000000.0,2024.0,CFS,IT/전자,189700,38.323232323232325,43.71708302797009,155790.15413770083,-0.1787551178824416,216399.56098845194,0.14074623610148623,⚠️ 주의
000660,SK하이닉스,KOSPI,717691281555000,164779,28732.0,28419.0,66192960000000.0,31828146000000.0,23467319000000.0,19796902000000.0,119855209000000.0,42278887000000.0,24965444000000.0,45939505000000.0,73915704000000.0,2024.0,CFS,IT/전자,986000,34.31713768620354,43.71708302797009,904275.2946837213,-0.0828850966696539,1256079.2295596367,0.27391402592255243,⚠️ 주의
005380,현대차,KOSPI,105859765022000,164742,47369.0,47369.0,175231153000000.0,35749207000000.0,14239592000000.0,13229908000000.0,339798429000000.0,115764287000000.0,79509643000000.0,219522496000000.0,120275933000000.0,2024.0,CFS,자동차/부품,492000,10.386539720070088,8.09921390982161,1490833.093201768,2.0301485634182272,383651.66369433986,-0.22022019574321167,⚠️ 주의
402340,SK스퀘어,KOSPI,80308965920000,1596425,27772.0,27716.0,1906611000000.0,,3912583000000.0,3650515000000.0,21921051000000.0,2702773000000.0,1396345000000.0,21921051000000.0,19585415000000.0,2024.0,CFS,지주,595000,21.424456286907677,25.620485024187783,874061.4466085308,0.46901083463618626,711532.1100917431,0.19585228586847572,🔥 강력
207940,삼성바이오로직스,KOSPI,74111812551000,877059,15221.0,15221.0,4547322176421.0,2290844589981.0,1320052380133.0,1083315885986.0,17336296349511.0,5518117814577.0,3853188425809.0,6431620287493.0,10904676062018.0,2024.0,CFS,바이오/제약,1547000,101.63589777281388,59.18174250638633,479046.85578382714,-0.6903381669141389,900805.3026897063,-0.41770827234020275,— 고평가
012450,한화에어로스페이스,KOSPI,68063689320000,126566,45935.0,45935.0,,2869853204579.0,1731878825342.0,2539873460538.0,,22867968340831.0,25516144577239.0,,,2024.0,CFS,방산/중공업,1335000,29.06280613910961,35.40191586838817,1445701.157639452,0.08292221546026368,1626187.0054144107,0.21811760705199307,🔥 강력
000270,기아,KOSPI,65784590163000,106641,24893.0,,107448752000000.0,24770771000000.0,12667139000000.0,9775005000000.0,92755874000000.0,41797457000000.0,26977376000000.0,36915565000000.0,55840309000000.0,2024.0,CFS,자동차/부품,157900,6.343148676334713,8.09921390982161,783451.375141371,3.9616933194513684,201613.73185718936,0.2768444069486343,🔥 강력
329180,HD현대중공업,KOSPI,58673324775000,1390344,7001.0,,14486453544000.0,1493930874000.0,705223483000.0,621509420000.0,19390946750000.0,10403121877000.0,11796215796000.0,13686498249000.0,5704448501000.0,2024.0,CFS,방산/중공업,516000,73.70375660619912,35.40191586838817,220340.7816400088,-0.5729829813178124,247848.8129945856,-0.5196728430337488,— 고평가
068270,셀트리온,KOSPI,46671748722000,413046,2048.0,2045.0,,1681713270596.0,492015534847.0,418883310404.0,21055222437706.0,5584129149603.0,3187120605915.0,3475160069015.0,17580062368691.0,2024.0,CFS,바이오/제약,199600,97.4609375,59.18174250638633,64456.20922707299,-0.6770731000647645,121204.2086530792,-0.392764485706016,— 고평가
055550,신한지주,KOSPI,46468661941900,382199,8441.0,8441.0,,,6458670000000.0,4558170000000.0,739764256000000.0,,,739764256000000.0,,2024.0,CFS,지주,90000,10.662243809975122,25.620485024187783,265661.5537527945,1.9517950416977168,216262.51408916907,1.4029168232129896,🔥 강력
012330,현대모비스,KOSPI,36338399491500,164788,44939.0,,57236995000000.0,8062628000000.0,3073456000000.0,4060161000000.0,66596905000000.0,28424073000000.0,12745182000000.0,66596905000000.0,46118232000000.0,2024.0,CFS,자동차/부품,392500,8.734061728120341,8.09921390982161,1414354.290261442,2.60345042104826,363970.57389347337,-0.07268643594019525,⚠️ 주의
009150,삼성전기,KOSPI,34695221792000,126371,8988.0,8988.0,10294102976435.0,1959222801014.0,735005856995.0,703215637082.0,12792402920884.0,5891746488305.0,3056860858021.0,3776548889114.0,9015854031770.0,2024.0,CFS,IT/전자,437000,48.62038273253226,43.71708302797009,282877.1526039707,-0.3526838613181448,392929.1422553952,-0.10084864472449614,— 고평가
267260,HD현대일렉트릭,KOSPI,34569202465000,1205851,13935.0,,3322349007529.0,1044565282142.0,668970713547.0,498409535389.0,3795545096460.0,2763740978393.0,2001078594202.0,3795545096460.0,1507517124598.0,2024.0,CFS,방산/중공업,925000,66.37961966271978,35.40191586838817,438572.8884664366,-0.5258671476038523,493325.6976259892,-0.46667492148541706,— 고평가
010130,고려아연,KOSPI,33125401803000,102858,9488.0,,12052918410249.0,1140795311524.0,723472208523.0,194781564506.0,14792322181548.0,7567074179254.0,6366334342627.0,14792322181548.0,7595427776993.0,2024.0,CFS,소재/철강,1543000,162.6264755480607,60.75709779179811,298613.5318097991,-0.806472111594427,576463.3438485805,-0.626400943714465,— 고평가
006400,삼성SDI,KOSPI,32274504765000,126362,8188.0,9011.0,16592248884388.0,3093563995780.0,363304463263.0,575512415979.0,40597344536357.0,10334312926481.0,10855694147360.0,19030107423830.0,21567237112527.0,2024.0,CFS,에너지/화학,397500,48.546653639472396,17.88002329644729,257698.94587464535,-0.35170076509523185,146401.6307513104,-0.6316940106885273,— 고평가
015760,한국전력,KOSPI,31552534384550,159193,5439.0,5439.0,93398896000000.0,11434736000000.0,8364710000000.0,3621968000000.0,246807795000000.0,29255205000000.0,63968789000000.0,246807795000000.0,41362833000000.0,2024.0,CFS,에너지/화학,46750,8.595330023901452,17.88002329644729,171180.33300100098,2.66161140109093,97249.44670937682,1.0802020686497715,🔥 강력
042700,한미반도체,KOSPI,29499125900000,161383,1589.0,1584.0,558917191547.0,314522196913.0,255391604854.0,152614498001.0,710872366678.0,407791209288.0,160040613379.0,710872366678.0,540887863389.0,2024.0,CFS,IT/전자,296500,186.59534298300818,43.71708302797009,50010.21311612255,-0.8313314903334821,69466.44493144448,-0.765711821479108,— 고평가
009540,HD한국조선해양,KOSPI,28627725422000,164830,16578.0,,25538577356000.0,2595367428000.0,1434090492000.0,1454580111000.0,36719137422000.0,20431356435000.0,19325058391000.0,22563324218000.0,14155813204000.0,2024.0,CFS,방산/중공업,379500,22.89178429243576,35.40191586838817,521755.3889484453,0.37484950974557396,586892.9612661392,0.5464900165115657,🔥 강력
010120,LS ELECTRIC,KOSPI,26580000000000,105855,8078.0,8078.0,,907590799908.0,389717122317.0,242237998768.0,4485197464384.0,3052191652183.0,1846349798510.0,2595105380936.0,1890092083448.0,2024.0,CFS,소재/철강,813000,100.64372369398366,60.75709779179811,254236.9424493631,-0.6872854336416199,490795.8359621451,-0.3963150849174107,— 고평가
272210,한화시스템,KOSPI,25693036904000,339391,2591.0,2589.0,2803686058274.0,415792516415.0,219345297682.0,445378843124.0,5724010115718.0,2286147317733.0,2677051475212.0,5724010115718.0,2416416895456.0,2024.0,CFS,IT/전자,127300,49.13160941721343,43.71708302797009,81545.9170446026,-0.3594193476464839,113270.96212547051,-0.11020453946998812,— 고평가
298040,효성중공업,KOSPI,25502638780000,1316245,23909.0,,4894979612220.0,791772345743.0,362479487133.0,222929444192.0,6218812921202.0,3036422654447.0,3092775159627.0,4163194426688.0,2055618494514.0,2024.0,CFS,소재/철강,2701000,112.9700112928186,60.75709779179811,752482.1808643008,-0.7214060789099219,1452641.451104101,-0.4621838389099959,— 고평가
267250,HD현대,KOSPI,20972664067500,1205709,7203.0,,67765626088000.0,6426904974000.0,2983162778000.0,1930179481000.0,73866670219000.0,35592849734000.0,32333112202000.0,73866670219000.0,26385102145000.0,2024.0,CFS,방산/중공업,255000,35.40191586838817,35.40191586838817,226698.27883916345,-0.11098714180720215,255000.0,0.0,— 고평가
011200,HMM,KOSPI,20043806862500,164645,4999.0,3690.0,11700224000000.0,3963464000000.0,3512847000000.0,3782129000000.0,33848562000000.0,17996844000000.0,2357189000000.0,5993018000000.0,27855544000000.0,2024.0,CFS,운송/물류,19930,3.986797359471894,9.53266022607123,157332.319299872,6.894245825382439,47653.768470130075,1.3910571234385387,🔥 강력
064350,현대로템,KOSPI,19656526969300,302926,3728.0,,4376597857000.0,829047638000.0,,405259414000.0,5285394740000.0,3686316730000.0,3019853718000.0,3276309551000.0,2009085189000.0,2024.0,CFS,자동차/부품,177900,47.71995708154506,8.09921390982161,117330.44335865631,-0.34046968320035803,30193.869455814965,-0.8302761694445476,— 고평가
047810,한국항공우주,KOSPI,18101127369900,309503,1765.0,1765.0,3633742105840.0,481490443379.0,240718310400.0,170895410977.0,8025538409393.0,5439008063568.0,4914742846130.0,8025538409393.0,1727176882121.0,2024.0,CFS,운송/물류,176300,99.88668555240793,9.53266022607123,55549.418596574134,-0.6849153794862499,16825.14529901572,-0.9045652563867514,— 고평가
033780,KT&G,KOSPI,18061571587500,244455,11383.0,11383.0,,2902024000000.0,1188814000000.0,1164999000000.0,13925237000000.0,7176310000000.0,3142888000000.0,4566772000000.0,9358465000000.0,2024.0,CFS,IT/전자,157600,13.845207765966792,43.71708302797009,358254.40899988863,1.2731878743647755,497631.55610738357,2.1575606351991343,🔥 강력
030200,KT,KOSPI,15297716279500,190321,1908.0,1906.0,,,809471000000.0,417094000000.0,41879957000000.0,14251937000000.0,13874734000000.0,23883408000000.0,17996549000000.0,2024.0,CFS,IT/전자,59300,31.07966457023061,43.71708302797009,60050.02304944105,0.012647943498162728,83412.19441736693,0.4066137338510444,🔥 강력
079550,LIG넥스원,KOSPI,14542000000000,503668,10173.0,,3276339508425.0,452627287247.0,229779392271.0,216648719554.0,6125264653217.0,3894568274428.0,4616518043951.0,6125264653217.0,1237435235062.0,2024.0,CFS,방산/중공업,641000,63.009928241423374,35.40191586838817,320172.371321784,-0.5005111211828643,360143.69012911286,-0.43815336953336526,— 고평가
047050,포스코인터내셔널,KOSPI,13546054676000,124504,3019.0,3019.0,32340793124000.0,1895983188000.0,1116921237000.0,503409725000.0,,8268175054000.0,6659697291000.0,,7349462921000.0,2024.0,CFS,유통/소비재,75900,25.140775091089765,20.4177545691906,95016.25764479168,0.2518611020394161,61641.20104438642,-0.18786296384207615,⚠️ 주의
278470,에이피알,KOSPI,13459016722500,1190568,2875.0,2819.0,722753862301.0,543599699569.0,122705544449.0,107590435967.0,565143563187.0,286027445388.0,145136758580.0,241619489197.0,323524073990.0,2024.0,CFS,유통/소비재,332500,115.65217391304348,20.4177545691906,90484.18043351312,-0.72786712651575,58701.044386422975,-0.823455505604743,— 고평가
018260,삼성에스디에스,KOSPI,12581630280000,126186,9787.0,9787.0,13828232033800.0,2012332154316.0,911096907001.0,789501325293.0,13238330251696.0,9003786950710.0,2495408581399.0,3532880772221.0,9705449479475.0,2024.0,CFS,IT/전자,157100,16.051905589046694,43.71708302797009,308023.88657488447,0.9606867382233257,427859.09159474325,1.7234824417233816,🔥 강력
323410,카카오뱅크,KOSPI,11973802818700,1133217,924.0,923.0,,,606880000000.0,440065000000.0,62805282000000.0,,,56265151000000.0,6540131000000.0,2024.0,OFS,IT/전자,23800,25.757575757575758,43.71708302797009,29080.828772370824,0.22188356186432032,40394.584717844366,0.6972514587329566,🔥 강력
259960,크래프톤,KOSPI,11163781180500,760971,28593.0,28384.0,,,1182487684188.0,1302592653712.0,7919463568015.0,5004427032417.0,784829947760.0,1090331965788.0,6829131602227.0,2024.0,CFS,엔터/미디어,236500,8.271255202322246,27.697013518832733,899900.581264501,2.805076453549687,791940.7075439843,2.3485865012430627,🔥 강력
003490,대한항공,KOSPI,9702614417350,113526,3566.0,3566.0,,3758168388895.0,2110200077994.0,1381858075058.0,47012065940089.0,11616873056353.0,16973485891743.0,47012065940089.0,10963191867177.0,2024.0,CFS,운송/물류,24850,6.968592260235558,9.53266022607123,112231.85649596792,3.516372494807562,33993.46636617,0.3679463326426561,🔥 강력
006260,LS,KOSPI,9469200000000,105952,8677.0,8677.0,,2661201000000.0,1072943000000.0,391515000000.0,20527939000000.0,12938266000000.0,10546216000000.0,20527939000000.0,6881153000000.0,2024.0,CFS,소재/철강,276500,31.865852253082863,60.75709779179811,273089.1247379455,-0.012335896065296559,527189.3375394322,0.9066522153324854,⚠️ 주의
007660,이수페타시스,KOSPI,9308288969200,107613,1171.0,,836866961285.0,156600343429.0,101878836049.0,74034111779.0,790136366426.0,522697354400.0,377363096552.0,790136366426.0,327526708412.0,2024.0,CFS,IT/전자,120200,102.64730999146029,43.71708302797009,36854.60010005003,-0.6933893502491677,51192.704225752976,-0.5741039581884112,— 고평가
180640,한진칼,KOSPI,8679096270000,983040,7459.0,,,116726983000.0,49192742000.0,512176366000.0,4207157981000.0,539972243000.0,672904948000.0,4207157981000.0,3313160945000.0,2024.0,CFS,운송/물류,121300,16.262233543370424,9.53266022607123,234755.30499254758,0.9353281532773914,71104.1126262653,-0.4138160541940206,⚠️ 주의
003230,삼양식품,KOSPI,8670500265000,126955,36468.0,36468.0,1728015003746.0,723217308822.0,344569150443.0,271255665463.0,1594782196967.0,676663603748.0,492425282678.0,1594782196967.0,828033342607.0,2024.0,CFS,유통/소비재,1203000,32.987824942415266,20.4177545691906,1147748.5537562978,-0.045928051740400835,744594.6736292428,-0.38105180911949893,— 고평가
090430,아모레퍼시픽,KOSPI,8235780467200,583424,8606.0,8606.0,3885110699186.0,2746732498324.0,220481343913.0,601641373835.0,6783507800768.0,1734808826757.0,1095705144331.0,1457499911662.0,5326007889106.0,2024.0,CFS,유통/소비재,135700,15.768068789216825,20.4177545691906,270854.55889071786,0.9959805371460417,175715.1958224543,0.29487985130769556,🔥 강력
443060,HD현대마린솔루션,KOSPI,8190684904500,1194689,5304.0,5275.0,1745458578779.0,362176072235.0,271729951500.0,227940276635.0,1152227968481.0,1075525917500.0,342617751499.0,1152227968481.0,773534561558.0,2024.0,CFS,방산/중공업,179800,33.89894419306184,35.40191586838817,166931.5106154273,-0.07157113117114956,187771.76176593086,0.04433682850907041,⚠️ 주의
000100,유한양행,KOSPI,7988654380300,145109,943.0,943.0,2067791451854.0,689386389746.0,54880319609.0,55163455235.0,2942048836634.0,1360261256866.0,619136487792.0,791378826075.0,2150670010559.0,2024.0,CFS,바이오/제약,95600,101.37857900318133,59.18174250638633,29678.8111821923,-0.6895521842866915,55808.38318352231,-0.4162303014275909,— 고평가
047040,대우건설,KOSPI,7942548612180,124540,570.0,569.0,10503609086034.0,927546410982.0,403125613881.0,242849735359.0,12658456266814.0,9588714887380.0,4543987487164.0,8324364439243.0,4334091827571.0,2024.0,CFS,건설/부동산,16400,28.771929824561404,26.209021212548798,17939.47229464434,0.0938702618685573,14939.142091152815,-0.08907670175897471,⚠️ 주의
326030,SK바이오팜,KOSPI,7721686450000,878696,3074.0,3074.0,547596283214.0,504495368894.0,96339659521.0,226973435375.0,1036810779623.0,651371301562.0,396276252761.0,462826530311.0,573984249312.0,2024.0,CFS,바이오/제약,95000,30.904359141184123,59.18174250638633,96747.2593574328,0.018392203762450585,181924.67646463157,0.9149965943645428,🔥 강력
128940,한미약품,KOSPI,7174154960000,828497,9567.0,9567.0,1495501575568.0,817036996044.0,216186188006.0,140431062099.0,2020840493653.0,746306484262.0,682758544357.0,780088902015.0,1240751591638.0,2024.0,CFS,바이오/제약,511000,53.41277307410892,59.18174250638633,301099.87972431997,-0.4107634447664971,566191.730558598,0.10800730050606253,⚠️ 주의
011070,LG이노텍,KOSPI,7005463672000,105961,18985.0,18985.0,21200755000000.0,1743671000000.0,706043000000.0,0.0,11378212000000.0,5853122000000.0,3954861000000.0,6024347000000.0,5353865000000.0,2024.0,CFS,IT/전자,292000,15.38056360284435,43.71708302797009,597510.3184453031,1.0462682138537778,829968.8212860122,1.842358977006891,🔥 강력
028050,삼성E&A,KOSPI,6918800000000,126308,3862.0,,9966551344477.0,1509174642168.0,971611686017.0,638672451980.0,10013337796132.0,7941890024257.0,5871110579495.0,10013337796132.0,3895741786193.0,2024.0,CFS,방산/중공업,33800,8.751941998964266,35.40191586838817,121547.7929858183,2.5960885498762813,136722.19908371512,3.0450354758495597,🔥 강력
032640,LG유플러스,KOSPI,6799884576100,231363,871.0,871.0,,,863130000000.0,314602000000.0,19707730000000.0,5263896000000.0,5116288000000.0,10939351000000.0,8768379000000.0,2024.0,CFS,IT/전자,15270,17.531572904707232,43.71708302797009,27412.772576553016,0.7952044909333998,38077.579317361946,1.493620125563978,🔥 강력
052690,한전기술,KOSPI,6707610000000,159209,1538.0,1538.0,,167195010838.0,54806059056.0,58512128400.0,946846882988.0,575753925755.0,361039308185.0,946846882988.0,577473652879.0,2024.0,CFS,소재/철강,157800,102.60078023407021,60.75709779179811,48405.10243712806,-0.6932503014123698,93444.4164037855,-0.4078300608125127,— 고평가
078930,GS,KOSPI,6411161082000,500254,5988.0,,25297467000000.0,6191104000000.0,3060163000000.0,863517000000.0,35063398000000.0,5706980000000.0,6060442000000.0,35063398000000.0,18470356000000.0,2024.0,CFS,지주,67700,11.305945223780896,25.620485024187783,188458.87736900052,1.7837352639438777,153415.46432483644,1.2661073016962547,🔥 강력
267270,HD건설기계,KOSPI,6380557694000,1205842,5595.0,,3438062302000.0,650824965000.0,190421614000.0,85966730000.0,3324625332000.0,2112846135000.0,1063541773000.0,3324625332000.0,1793830435000.0,2024.0,CFS,건설/부동산,132300,23.646112600536192,26.209021212548798,176090.08331321942,0.3309908035768664,146639.47368421053,0.1083860444762701,🔥 강력
001040,CJ,KOSPI,6039638586000,148540,2993.0,2993.0,43646656090000.0,12623822787000.0,2547483645000.0,151195776000.0,47496993224000.0,13697532273000.0,16904989037000.0,29750607288000.0,17746385936000.0,2024.0,CFS,지주,204000,68.15903775476112,25.620485024187783,94197.96592608861,-0.538245265068193,76682.11167739403,-0.6241072956990489,— 고평가
001440,대한전선,KOSPI,5723932110000,113207,409.0,409.0,3291299375000.0,263386194000.0,115169757000.0,74190402000.0,2642726208000.0,1775776357000.0,920138410000.0,2642726208000.0,1496112472000.0,2024.0,CFS,소재/철강,28950,70.78239608801955,60.75709779179811,12872.358190367604,-0.5553589571548323,24849.652996845427,-0.14163547506578836,— 고평가
271560,오리온,KOSPI,5448078989600,1238169,13271.0,13271.0,3104338576129.0,1196174532214.0,543587778241.0,533229552422.0,4308449797008.0,1647381241517.0,537615043736.0,4308449797008.0,3574045867619.0,2024.0,CFS,유통/소비재,133400,10.051993067590988,20.4177545691906,417674.97688109655,2.130996828194127,270964.02088772843,1.0312145493832716,🔥 강력
022100,포스코DX,KOSPI,4925925219600,155212,580.0,580.0,1473290670631.0,187522952033.0,108991969223.0,88599060003.0,892453016139.0,676687634640.0,355027712350.0,892453016139.0,525897500876.0,2024.0,CFS,IT/전자,30700,52.93103448275862,43.71708302797009,18254.199878760905,-0.40540065541495424,25355.908156222653,-0.17407465289177027,— 고평가
062040,산일전기,KOSPI,4862795840000,366438,3136.0,3061.0,333996550771.0,143563093705.0,109231906505.0,,492674198507.0,305188896644.0,52564399265.0,492674198507.0,434241887238.0,2024.0,OFS,소재/철강,152800,48.724489795918366,60.75709779179811,98698.57037895551,-0.3540669477817048,190534.25867507886,0.24695195467983547,⚠️ 주의
251270,넷마블,KOSPI,4286527403300,904672,313.0,308.0,,,215627215188.0,3216188118.0,8177066253496.0,1114816595237.0,1348239156045.0,8177066253496.0,5473860209795.0,2024.0,CFS,엔터/미디어,51300,163.89776357827475,27.697013518832733,9850.973382848559,-0.8079732284045115,8669.165231394645,-0.8310104243392856,— 고평가
082740,한화엔진,KOSPI,4093082315100,361008,968.0,968.0,,116340351068.0,71531721192.0,79159548487.0,1413101954226.0,785001242520.0,586563184908.0,1019806164340.0,393295789886.0,2024.0,OFS,방산/중공업,47150,48.70867768595041,35.40191586838817,30465.63014248372,-0.35385726102897735,34269.054560599754,-0.27319078344433184,— 고평가
353200,대덕전자,KOSPI,4091721390000,1478712,466.0,466.0,892135903752.0,61547000833.0,11259489061.0,23762727122.0,1088723750887.0,465866345845.0,159688137695.0,1088723750887.0,875513939249.0,2024.0,CFS,IT/전자,77600,166.5236051502146,43.71708302797009,14666.305419832039,-0.8110012188165975,20372.160691034063,-0.7374721560433755,— 고평가
103590,일진전기,KOSPI,3938813214000,683469,983.0,982.0,1577247371000.0,155643123000.0,79742010000.0,0.0,1249038272000.0,702238015000.0,606533501000.0,1249038272000.0,500309704000.0,2024.0,CFS,소재/철강,77300,78.63682604272636,60.75709779179811,30937.72151865857,-0.5997707436137314,59724.227129337545,-0.22737092976277432,— 고평가
051900,LG생활건강,KOSPI,3909778274500,356370,11281.0,11281.0,6811918756741.0,3560832396845.0,459045912180.0,203887730139.0,,2856048500735.0,1295900316472.0,,,2024.0,CFS,유통/소비재,250000,22.161155925893095,20.4177545691906,355044.1876418996,0.4201767505675985,230332.68929503913,-0.07866924281984347,⚠️ 주의
000990,DB하이텍,KOSPI,3832754202800,160843,5520.0,5520.0,1131167709804.0,386836726833.0,190838683363.0,229385888355.0,2396851168578.0,1194370198832.0,316866668877.0,2396851168578.0,2000688804317.0,2024.0,CFS,IT/전자,83400,15.108695652173912,43.71708302797009,173729.62643234516,1.083089045951381,241318.2983143949,1.8935047759519772,🔥 강력
010060,OCI홀딩스,KOSPI,3790057096000,148896,5077.0,5077.0,3577383349000.0,461046358000.0,101527729000.0,113723638000.0,8093654722000.0,4763348250000.0,1901359096000.0,3258113380000.0,4835541342000.0,2024.0,CFS,지주,177600,34.98128816230057,25.620485024187783,159787.19445598123,-0.10029732851361922,130075.20246780137,-0.26759458069931663,— 고평가
012510,더존비즈온,KOSPI,3626102026000,172291,2170.0,2170.0,402332391243.0,183993970188.0,88064046059.0,78026871531.0,1037613249183.0,215914131430.0,204315065486.0,482789066484.0,554824182699.0,2024.0,CFS,IT/전자,118600,54.654377880184335,43.71708302797009,68295.88575329511,-0.4241493612706989,94866.0701706951,-0.20011745218638202,— 고평가
036460,한국가스공사,KOSPI,3480200100000,261285,13174.0,12422.0,84454000000.0,3412673000000.0,3003363000000.0,1148985000000.0,57669637000000.0,16968511000000.0,21266507000000.0,57669637000000.0,10826356000000.0,2024.0,CFS,에너지/화학,35950,2.7288598755123727,17.88002329644729,414622.1193151658,10.533299563704194,235551.4269073966,5.552195463349002,🔥 강력
011780,금호석유화학,KOSPI,3433586769800,106368,13423.0,,7155003786012.0,585555234194.0,272804307588.0,348602013402.0,8340238952259.0,2710939308766.0,1534476881893.0,2298015880753.0,6042223071506.0,2024.0,CFS,에너지/화학,127400,9.491171869179766,17.88002329644729,422458.83615966834,2.3160034235452773,240003.552708212,0.8838583415087283,🔥 강력
014680,한솔케미칼,KOSPI,3342837330000,140955,10980.0,10912.0,776356975793.0,204763800102.0,128825376120.0,124893890949.0,1464678817159.0,348048080154.0,272370414176.0,1464678817159.0,1071443703044.0,2024.0,CFS,에너지/화학,279000,25.40983606557377,17.88002329644729,345570.887359991,0.23860533103939416,196322.65579499127,-0.29633456704304206,⚠️ 주의
004170,신세계,KOSPI,3317942264000,136378,11776.0,11776.0,6570412728809.0,4052715965832.0,477024306786.0,186608863964.0,15071774121951.0,2342662811362.0,4947367431132.0,15071774121951.0,6374698444225.0,2024.0,CFS,유통/소비재,320500,27.216372282608695,20.4177545691906,370623.2030556697,0.15639064915965595,240439.4778067885,-0.24979882119566774,⚠️ 주의
097950,CJ제일제당,KOSPI,3191487432000,635134,9294.0,9294.0,29359081823000.0,6491694900000.0,1553017638000.0,361835555000.0,30149997467000.0,8546271600000.0,9956782579000.0,17907211781000.0,12242785686000.0,2024.0,CFS,유통/소비재,217500,23.402194964493223,20.4177545691906,292507.8166779377,0.34486352495603534,189762.61096605743,-0.1275282254434141,⚠️ 주의
051600,한전KPS,KOSPI,3037500000000,159218,3832.0,3832.0,1557085808533.0,295354975574.0,209498645768.0,172441205945.0,1690214811558.0,1051206546951.0,347424669408.0,1690214811558.0,1328473540425.0,2024.0,CFS,소재/철강,62000,16.17954070981211,60.75709779179811,120603.6102334686,0.9452195198946548,232821.19873817035,2.7551806248091992,🔥 강력
005850,에스엘,KOSPI,2930901612000,125521,7998.0,7998.0,4973273970111.0,688696386608.0,395164287548.0,381963573388.0,3698864220516.0,2346052089698.0,1142207374201.0,1301616145058.0,2397248075458.0,2024.0,CFS,자동차/부품,59700,7.464366091522881,8.09921390982161,251719.12177643055,3.216400699772706,64777.51285075324,0.08505046651177961,🔥 강력
028670,팬오션,KOSPI,2849255498960,122737,502.0,502.0,5161218000000.0,582734000000.0,471180000000.0,268143000000.0,10271506000000.0,2021806000000.0,1276861000000.0,10271506000000.0,5653383000000.0,2024.0,CFS,운송/물류,5040,10.0398406374502,9.53266022607123,15799.324722651681,2.134786651319778,4785.395433487757,-0.05051677906988945,⚠️ 주의
112610,씨에스윈드,KOSPI,2787529738300,670340,3434.0,3409.0,3072529196695.0,404441400056.0,255481950329.0,143668438531.0,3609483010970.0,1828066183450.0,1480639888675.0,3609483010970.0,1200264992078.0,2024.0,CFS,에너지/화학,61400,17.88002329644729,17.88002329644729,108077.45238562922,0.760219094228489,61400.0,0.0,⚠️ 주의
071970,HD현대마린엔진,KOSPI,2727288198000,406046,2464.0,2464.0,315793988713.0,69600469181.0,33193655658.0,75775091634.0,494962962578.0,293886545654.0,180908739583.0,185588379579.0,309374582999.0,2024.0,CFS,방산/중공업,75200,30.51948051948052,35.40191586838817,77548.8767263222,0.031235062850029204,87230.32069970846,0.15997766887910192,🔥 강력
006360,GS건설,KOSPI,2721491382000,120030,2893.0,2893.0,12863811468386.0,1114179838862.0,285954335787.0,263924031753.0,17803293924556.0,8666549605548.0,9031905115658.0,17803293924556.0,5087123959443.0,2024.0,CFS,건설/부동산,28200,9.747666781887315,26.209021212548798,91050.69008492293,2.228747875351877,75822.69836790368,1.6887481690745985,🔥 강력
008930,한미사이언스,KOSPI,2629655097500,161426,878.0,878.0,,,98867912225.0,56693106363.0,1349078932369.0,327964548355.0,468827139886.0,1349078932369.0,838703712282.0,2024.0,CFS,바이오/제약,36700,41.7995444191344,59.18174250638633,27633.081885434614,-0.24705498949769444,51961.569920607195,0.4158465918421579,⚠️ 주의
026960,동서,KOSPI,2612140000000,144395,1594.0,1594.0,488860392545.0,85503328555.0,44476967156.0,159046264652.0,1779146551075.0,899754296790.0,59271554235.0,1779146551075.0,1709476549885.0,2024.0,CFS,유통/소비재,26600,16.687578419071517,20.4177545691906,50167.57690818083,0.8859991318864975,32545.900783289813,0.22353010463495537,🔥 강력
000120,CJ대한통운,KOSPI,2596044747200,113410,12088.0,,12116761147160.0,1386661508536.0,530663067133.0,268320297629.0,9743855522383.0,2783266786865.0,2996783656303.0,5518255667581.0,4225599854802.0,2024.0,CFS,운송/물류,109100,9.025479814692257,9.53266022607123,380442.7036801066,2.4871008586627554,115230.79681274902,0.05619428792620547,🔥 강력
017960,한국카본,KOSPI,2585040909600,159795,413.0,413.0,741740847191.0,117582507015.0,45446301892.0,20321351760.0,878968656770.0,460860282424.0,369168308880.0,878968656770.0,474286350797.0,2024.0,CFS,에너지/화학,46800,113.31719128329298,17.88002329644729,12998.249224014231,-0.7222596319655079,7384.449621432731,-0.8422126149266511,— 고평가
204320,HL만도,KOSPI,2530988768000,1042775,2767.0,,8848181871751.0,1323249482554.0,358760766831.0,158249191839.0,7052043027166.0,3676853130994.0,2900489614702.0,4379288260980.0,2672754766186.0,2024.0,CFS,자동차/부품,52700,19.045898084568126,8.09921390982161,87085.12252505419,0.6524691181224704,22410.524888476397,-0.5747528484160076,⚠️ 주의
004800,효성,KOSPI,2516083172100,117188,7510.0,,2272756398560.0,519612464605.0,221133379310.0,484258153404.0,4340864429768.0,1021710482736.0,1351828011529.0,4340864429768.0,2504438694987.0,2024.0,CFS,소재/철강,140600,18.721704394141145,60.75709779179811,236360.41567154208,0.6810840374931869,456285.8044164038,2.2452759915818192,🔥 강력
030000,제일기획,KOSPI,2450378092500,148276,2049.0,2049.0,,,320720587990.0,208342984365.0,3306550192963.0,2723977664902.0,1564856744000.0,3306550192963.0,1474033393149.0,2024.0,CFS,엔터/미디어,20600,10.053684724255735,27.697013518832733,64487.68198548465,2.130469999295371,56751.18070008827,1.7549116844703043,🔥 강력
005440,현대지에프홀딩스,KOSPI,2436784224630,105280,4483.0,,7409277127000.0,2109219238000.0,198099994000.0,791959780000.0,,3874977499000.0,2024324094000.0,,,2024.0,CFS,지주,14370,3.2054427838501005,25.620485024187783,141092.37595945713,8.818536949161944,114856.63436343383,6.992806845054546,🔥 강력
018670,SK가스,KOSPI,2403763440000,144164,19926.0,19841.0,7095902060317.0,607792768526.0,287176575159.0,177768044603.0,7539621970135.0,2608910830555.0,2021018622987.0,4801285742388.0,2738336227747.0,2024.0,CFS,에너지/화학,243500,12.22021479474054,17.88002329644729,627126.1841106721,1.575466875197832,356277.3442050087,0.4631513109035265,🔥 강력
383220,F&F,KOSPI,2401853602500,1568413,9504.0,,,1246992536124.0,450737459737.0,355959818501.0,2285904738684.0,636793849985.0,522109298846.0,2285904738684.0,1577298222080.0,2024.0,CFS,유통/소비재,61600,6.481481481481482,20.4177545691906,299117.0959443856,3.8557970120841825,194050.33942558744,2.150167847817978,🔥 강력
001430,세아베스틸지주,KOSPI,2374072277800,106669,564.0,564.0,3636063257694.0,258024229486.0,52332166350.0,20273054942.0,3826646864046.0,1712680355639.0,1137233323820.0,1795239994311.0,2031406869735.0,2024.0,CFS,지주,68900,122.16312056737588,25.620485024187783,17750.635744174397,-0.7423710341919536,14449.95355364191,-0.7902764360864744,— 고평가
081660,미스토홀딩스,KOSPI,2365241472000,195229,1417.0,1417.0,,2237830441572.0,360803535166.0,207722009422.0,5536390124625.0,2462449282236.0,1233701673828.0,2800091219487.0,5536390124625.0,2024.0,CFS,지주,42250,29.81651376146789,25.620485024187783,44596.89866931759,0.05554789749864119,36304.22727927409,-0.14072834841954812,⚠️ 주의
007340,DN오토모티브,KOSPI,2325806883750,116949,6222.0,,3434542268000.0,896748518000.0,522916807000.0,318229010000.0,5006031529000.0,1964801236000.0,1334190771000.0,5006031529000.0,2170771614000.0,2024.0,CFS,자동차/부품,39250,6.308261009321762,8.09921390982161,195823.5028373282,3.9891338302504002,50393.30894691006,0.28390596043082955,🔥 강력
004370,농심,KOSPI,2314445281000,108241,27202.0,26747.0,3937893872782.0,965542188520.0,163073931930.0,157630314203.0,3597461570702.0,1743739590775.0,678174791731.0,924886441245.0,2672575129457.0,2024.0,CFS,유통/소비재,374000,13.748989044923167,20.4177545691906,856121.9743138865,1.289096188005044,555403.7597911226,0.4850367908853546,🔥 강력
023590,다우기술,KOSPI,2283710805300,176914,8246.0,7756.0,11625798455732.0,1932353644384.0,1174681942719.0,852762689452.0,57147924043319.0,47687656704946.0,47941097923479.0,50855367307244.0,6292556736075.0,2024.0,CFS,IT/전자,47650,5.778559301479505,43.71708302797009,259524.36586252143,4.446471476653126,360491.06664864137,6.5653948929410575,🔥 강력
192820,코스맥스,KOSPI,2225638714900,1009789,7562.0,,2166089636742.0,418207304227.0,175395279105.0,88417411666.0,1933713489313.0,940910911301.0,1114158039590.0,1424903002848.0,508810486465.0,2024.0,CFS,유통/소비재,193500,25.5884686590849,20.4177545691906,237996.99910894822,0.2299586517258306,154399.0600522193,-0.202072041073802,⚠️ 주의
002790,아모레퍼시픽홀딩스,KOSPI,2156120676000,154462,2786.0,2786.0,4259886701995.0,3059399831769.0,249277525878.0,652873028811.0,8540521424208.0,2583268440605.0,1138099827158.0,1548821316419.0,6991700107789.0,2024.0,CFS,유통/소비재,27750,9.960516870064609,20.4177545691906,87683.10493487566,2.1597515291847085,56883.86422976501,1.049868981252793,🔥 강력
475150,SK이터닉스,KOSPI,2021867115800,1817081,677.0,671.0,332151737229.0,56469483067.0,37637399717.0,22380995585.0,731694676657.0,255027256240.0,297066304665.0,731694676657.0,241972753239.0,2024.0,CFS,에너지/화학,51800,76.51403249630724,17.88002329644729,21307.05744469161,-0.5886668446970732,12104.775771694816,-0.7663170700445016,— 고평가
000500,가온전선,KOSPI,1894186667500,104768,3270.0,3270.0,1727103680000.0,116630037000.0,45011778000.0,25355195000.0,1042884426000.0,654804752000.0,518334366000.0,1042884426000.0,453705043000.0,2024.0,CFS,소재/철강,114400,34.984709480122326,60.75709779179811,102915.92000611752,-0.10038531463183985,198675.70977917983,0.7366757847830405,⚠️ 주의
161890,한국콜마,KOSPI,1810509405900,939331,3830.0,3830.0,2452063980463.0,698925522349.0,193850424348.0,125324615188.0,3126693019808.0,858706005147.0,1215031627082.0,3126693019808.0,1505731966547.0,2024.0,CFS,유통/소비재,78200,20.4177545691906,20.4177545691906,120540.66471664529,0.541440725276794,78200.0,0.0,⚠️ 주의
073240,금호타이어,KOSPI,1792504190880,481454,1131.0,1131.0,4532177923979.0,1382249445688.0,588591711860.0,351617959521.0,5362836776663.0,2335000622135.0,2258019237755.0,5362836776663.0,1904822013747.0,2024.0,CFS,자동차/부품,6250,5.526083112290009,8.09921390982161,35595.68976358377,4.6953103621734025,9160.210932008242,0.46563374912131866,🔥 강력
462870,시프트업,KOSPI,1790174719000,1384787,2734.0,2659.0,,,152676273166.0,147973272692.0,803831909889.0,768171881980.0,28585967115.0,803831909889.0,764404135605.0,2024.0,OFS,엔터/미디어,29800,10.899780541331383,27.697013518832733,86046.52149746951,1.8874671643446146,75723.6349604887,1.5410615758553252,🔥 강력
058470,리노공업,KOSDAQ GLOBAL,8512863645000,369657,7463.0,7463.0,278186189427.0,138166081317.0,124201343872.0,113279046428.0,657443780756.0,449498090730.0,30614692642.0,34814668593.0,622629112163.0,2024.0,OFS,IT/전자,107300,14.37759614096208,43.71708302797009,234881.1960261942,1.1890139424622013,326260.5906377408,2.040639241731042,🔥 강력
214370,케어젠,KOSDAQ,6016080000000,549891,658.0,658.0,82585947786.0,55317323136.0,34249787129.0,32313654383.0,240696868067.0,96406401615.0,8066161756.0,240696868067.0,222977779434.0,2024.0,CFS,바이오/제약,105000,159.5744680851064,59.18174250638633,20709.07503487013,-0.8027707139536179,38941.586569202205,-0.629127746959979,— 고평가
039030,이오테크닉스,KOSDAQ GLOBAL,5291246725000,246417,3870.0,3870.0,320945496298.0,89025389191.0,31201085341.0,42670270031.0,653015311226.0,445645616892.0,48106248426.0,653015311226.0,603031420844.0,2024.0,CFS,IT/전자,423500,109.43152454780362,43.71708302797009,121799.57505311156,-0.7123976976313777,169185.11131824425,-0.6005074112910407,— 고평가
095340,ISC,KOSDAQ GLOBAL,5235673326000,572905,2671.0,2622.0,174480093980.0,74397761444.0,44784268057.0,54898977342.0,,405104881247.0,52271209748.0,,582882970486.0,2024.0,CFS,IT/전자,238500,89.29239985024336,43.71708302797009,84063.73771753514,-0.6475314980396849,116768.32876770811,-0.5104053301144315,— 고평가
403870,HPSP,KOSDAQ GLOBAL,4213760000000,1288827,1056.0,1035.0,181401607828.0,129611645669.0,93945693775.0,86280231062.0,319896333507.0,237711760468.0,40960057034.0,319896333507.0,277910828155.0,2024.0,OFS,IT/전자,48750,46.16477272727273,43.71708302797009,33235.23288270951,-0.3182516331751895,46165.23967753642,-0.053020724563355534,— 고평가
214150,클래시스,KOSDAQ GLOBAL,3483584190600,1061327,1517.0,1509.0,,191127529489.0,122442594301.0,97543753801.0,608378808831.0,234201823223.0,128903651305.0,608378808831.0,452643914758.0,2024.0,CFS,바이오/제약,51700,34.080421885299934,59.18174250638633,47744.174510483266,-0.0765149997972289,89778.70338218806,0.7365319803131153,⚠️ 주의
083650,비에이치아이,KOSDAQ,3388409062500,409788,633.0,,404741038609.0,59118017516.0,21927258374.0,19585052430.0,524776405785.0,247320460329.0,379905605041.0,524776405785.0,116446559547.0,2024.0,CFS,방산/중공업,99200,156.71406003159558,35.40191586838817,19922.256074578712,-0.7991708056998115,22409.412744689715,-0.7740986618478859,— 고평가
036930,주성엔지니어링,KOSDAQ GLOBAL,3383825608800,252135,2272.0,2272.0,409393371588.0,248966783783.0,97196211588.0,106814110967.0,986824795276.0,398129947454.0,191704927851.0,986824795276.0,566590299600.0,2024.0,CFS,건설/부동산,77400,34.066901408450704,26.209021212548798,71506.1071112841,-0.07614848693431393,59546.89619491087,-0.2306602558797045,— 고평가
214450,파마리서치,KOSDAQ GLOBAL,3376635600000,970453,8941.0,8941.0,350115068641.0,251237257221.0,126050757121.0,88943035620.0,855700916352.0,554541963954.0,82817556411.0,855700916352.0,569440798163.0,2024.0,CFS,바이오/제약,312500,34.95134772396823,59.18174250638633,281397.93295862287,-0.09952661453240681,529143.9597496002,0.6932606711987205,⚠️ 주의
357780,솔브레인,KOSDAQ GLOBAL,3329226248000,1489648,15296.0,15296.0,863356156458.0,246389216344.0,167948756594.0,119611878137.0,1168214133834.0,521491176326.0,123720340559.0,1168214133834.0,1037335849194.0,2024.0,CFS,IT/전자,427000,27.915794979079497,43.71708302797009,481407.3126647014,0.1274175940625326,668696.5019958306,0.5660339625195095,🔥 강력
145020,휴젤,KOSDAQ GLOBAL,3285176811000,888347,12520.0,11988.0,373046885998.0,287175496572.0,166229170618.0,143134582847.0,939439325841.0,522925414568.0,61079734078.0,939439325841.0,840812000743.0,2024.0,CFS,바이오/제약,256500,20.487220447284344,59.18174250638633,394038.9353139423,0.5362141727639077,740955.4161799569,1.8887150728263427,🔥 강력
237690,에스티팜,KOSDAQ GLOBAL,3137747626000,871833,1780.0,1780.0,,96162795005.0,27692533192.0,32463839888.0,721875709831.0,330078457410.0,133281223062.0,,721875709831.0,2024.0,CFS,바이오/제약,151000,84.8314606741573,59.18174250638633,56021.50997274899,-0.6289966226970266,105343.50166136767,-0.302360916149883,— 고평가
084370,유진테크,KOSDAQ,2965335834800,531014,2845.0,2838.0,338067812312.0,165702800465.0,61177012897.0,65440277257.0,539499743575.0,391289214675.0,83383640937.0,539499743575.0,435742335000.0,2024.0,CFS,IT/전자,128500,45.16695957820738,43.71708302797009,89539.99768116341,-0.3031906795240201,124375.10121457491,-0.03210037965311353,— 고평가
064760,티씨케이,KOSDAQ GLOBAL,2828392248000,245472,6167.0,6167.0,275724843444.0,104138745044.0,80747924196.0,71994036570.0,563519610069.0,405757965821.0,44574894545.0,563519610069.0,516254748314.0,2024.0,OFS,IT/전자,230000,37.295281336143994,43.71708302797009,194092.50112468709,-0.15611956032744745,269603.2510334916,0.17218804797170248,⚠️ 주의
178320,서진시스템,KOSDAQ,2818956960000,838005,1696.0,1364.0,1213752801436.0,213424277129.0,108700662517.0,83921126833.0,2103214252543.0,1141566418825.0,884795098474.0,2103214252543.0,875584263726.0,2024.0,CFS,IT/전자,49200,29.00943396226415,43.71708302797009,53377.79826616982,0.08491459890589062,74144.17281543727,0.5069953824275868,🔥 강력
068760,셀트리온제약,KOSDAQ,2677817062600,541349,531.0,530.0,477835307770.0,122010870123.0,37222949682.0,21966117520.0,669462477938.0,391673280914.0,247650113121.0,669462477938.0,396921557126.0,2024.0,OFS,바이오/제약,59000,111.11111111111111,59.18174250638633,16712.034716589726,-0.7167451742950894,31425.50527089114,-0.46736431744252305,— 고평가
058610,에스피지,KOSDAQ,2672371880000,220686,591.0,591.0,388476767485.0,63687613191.0,12335226942.0,13113747075.0,397514155964.0,267611617008.0,118946486396.0,397514155964.0,254135688485.0,2024.0,CFS,IT/전자,113800,192.5549915397631,43.71708302797009,18600.40022128913,-0.8365518433981622,25836.796069530323,-0.7729631276842679,— 고평가
263750,펄어비스,KOSDAQ GLOBAL,2666285982500,1152470,982.0,982.0,,,,60343569967.0,1142821061456.0,453262511474.0,133158155310.0,1142821061456.0,805974577846.0,2024.0,CFS,엔터/미디어,40700,41.44602851323829,27.697013518832733,30906.248760246912,-0.24063270859344196,27198.467275493746,-0.33173299077410945,— 고평가
005290,동진쎄미켐,KOSDAQ,2560441801200,118804,3010.0,3010.0,,364457457526.0,208225729660.0,143484559745.0,2016989003189.0,1082970678911.0,722768727205.0,996558402618.0,1020430600571.0,2024.0,CFS,IT/전자,48200,16.01328903654485,43.71708302797009,94733.00281908677,0.9654149962466135,131588.41991418996,1.7300502056885882,🔥 강력
257720,실리콘투,KOSDAQ,2355118458000,982023,1990.0,1981.0,691522368911.0,232826970951.0,137575012281.0,120738196347.0,457759144111.0,297095793185.0,189336374914.0,196171192588.0,261587951523.0,2024.0,CFS,유통/소비재,39000,19.597989949748744,20.4177545691906,62630.7892391969,0.6059176727999205,40631.33159268929,0.041829015197161284,🔥 강력
035900,JYP Ent.,KOSDAQ GLOBAL,2352250970400,258689,2951.0,2951.0,601787883332.0,256381549018.0,128262269240.0,97714913917.0,678782059891.0,362268599891.0,174828773094.0,678782059891.0,482881501386.0,2024.0,CFS,엔터/미디어,63600,21.552016265672652,27.697013518832733,92876.11007279903,0.46031619611319224,81733.88689407539,0.28512400776848096,🔥 강력
041510,에스엠,KOSDAQ GLOBAL,2248258558000,260930,795.0,795.0,989725343114.0,307235206265.0,87296655446.0,818849820.0,1419108143782.0,814044282096.0,484572824709.0,1419108143782.0,829079862089.0,2024.0,CFS,엔터/미디어,93300,117.35849056603773,27.697013518832733,25020.842937267105,-0.7318237627302561,22019.125747472022,-0.7639965086015861,— 고평가
218410,RFHIC,KOSDAQ,2148173457800,1078178,995.0,995.0,114875963020.0,35648403400.0,1529788265.0,19698779772.0,482949216872.0,317854211716.0,95043343488.0,482949216872.0,357960809650.0,2024.0,CFS,IT/전자,76400,76.78391959798995,43.71708302797009,31315.39461959845,-0.5901126358691303,43498.49761283024,-0.43064793700483983,— 고평가
098460,고영,KOSDAQ,1994420632750,579999,319.0,317.0,202538127214.0,125851699437.0,3322352718.0,20998990602.0,377932270492.0,284011001294.0,36095207500.0,54763375690.0,323168894802.0,2024.0,CFS,IT/전자,27600,86.52037617554859,43.71708302797009,10039.809933318498,-0.6362387705319384,13945.749485922459,-0.4947192215245486,— 고평가
131970,두산테스나,KOSDAQ GLOBAL,1979109171200,563545,1912.0,1912.0,373117930000.0,67807589000.0,37923282000.0,36781312000.0,787696560000.0,113602076000.0,183136544000.0,787696560000.0,437666508000.0,2024.0,CFS,IT/전자,104200,54.49790794979079,43.71708302797009,60175.91408308768,-0.4224960260740146,83587.06274947882,-0.19782089491862936,— 고평가
078600,대주전자재료,KOSDAQ,1953650836600,177816,2477.0,2268.0,219316249770.0,61986409925.0,29353571296.0,36394010154.0,622950058762.0,175050332242.0,315426510534.0,622950058762.0,230239136477.0,2024.0,CFS,IT/전자,118100,47.67864352038757,43.71708302797009,77958.02258567374,-0.3398981999519582,108287.21466028191,-0.08308878357085595,— 고평가
140860,파크시스템스,KOSDAQ GLOBAL,1910333061000,244747,6175.0,6156.0,175059849427.0,114217506199.0,38529871391.0,42803661818.0,274315476326.0,191151103812.0,62937674219.0,274315476326.0,187909793142.0,2024.0,CFS,IT/전자,261000,42.26720647773279,43.71708302797009,194344.28319198033,-0.2553858881533321,269952.9876977153,0.0343026348571467,⚠️ 주의
038500,삼표시멘트,KOSDAQ,1874506235220,239639,616.0,616.0,790786523331.0,169229127166.0,103930124574.0,66099929851.0,1485067226446.0,317873666526.0,311290002411.0,1485067226446.0,756213299450.0,2024.0,CFS,소재/철강,17170,27.873376623376622,60.75709779179811,19387.21918158055,0.12913332449508147,37426.37223974764,1.1797537705152963,🔥 강력
101490,에스앤에스텍,KOSDAQ,1821998666600,411048,1452.0,1452.0,176013891367.0,59493427722.0,29478688017.0,30313647619.0,297031688485.0,155043401195.0,39676525728.0,297031688485.0,246847048853.0,2024.0,CFS,IT/전자,87500,60.26170798898072,43.71708302797009,45698.44521372558,-0.4777320547002791,63477.204556612574,-0.27454623363871344,— 고평가
437730,삼현,KOSDAQ,1759769968500,262266,274.0,,100447699055.0,13837444224.0,5516949984.0,8314379320.0,140292826674.0,94293156974.0,20997060791.0,140292826674.0,115237838264.0,2024.0,CFS,소재/철강,51600,188.32116788321167,60.75709779179811,8623.535804793944,-0.8328772130853886,16647.44479495268,-0.6773751008730101,— 고평가
232140,와이씨,KOSDAQ,1735259152500,1109539,137.0,137.0,211241210832.0,58448212614.0,10599506307.0,12926037556.0,576855440421.0,260930516127.0,101255439318.0,576855440421.0,418212295510.0,2024.0,CFS,IT/전자,20200,147.44525547445255,43.71708302797009,4311.767902396972,-0.7865461434456944,5989.240374831902,-0.703502951740995,— 고평가
080220,제주반도체,KOSDAQ,1525817501900,447487,581.0,581.0,162349945455.0,35407901848.0,9581360274.0,19405207353.0,225427601825.0,175914531374.0,38259555518.0,225427601825.0,184233770184.0,2024.0,CFS,IT/전자,42350,72.89156626506023,43.71708302797009,18285.672637172564,-0.5682249672450398,25399.62523925062,-0.4002449766410715,— 고평가
397030,에이프릴바이오,KOSDAQ,1505599377000,1375822,913.0,913.0,,,16869084717.0,20005162287.0,99598583008.0,96626064721.0,8482191743.0,99598583008.0,90987762157.0,2024.0,OFS,바이오/제약,59300,64.95071193866374,59.18174250638633,28734.6284298426,-0.5154362828019797,54032.930908330716,-0.08882072667233194,— 고평가
195940,HK이노엔,KOSDAQ GLOBAL,1475987321100,1012066,2174.0,2174.0,897141915178.0,435072884504.0,88224439067.0,61580192966.0,1889575171545.0,385467722761.0,463964828224.0,1889575171545.0,1251377196361.0,2024.0,OFS,바이오/제약,51800,23.827046918123276,59.18174250638633,68421.77678694174,0.3208837217556321,128661.10820888387,1.483805177777681,🔥 강력
082920,비츠로셀,KOSDAQ,1366985231550,154718,2300.0,2300.0,210779361832.0,70487152733.0,51910636695.0,51260348099.0,317852058044.0,237675367513.0,32826959998.0,317852058044.0,283013473108.0,2024.0,CFS,소재/철강,32650,14.195652173913043,60.75709779179811,72387.3443468105,1.2170702709589738,139741.32492113565,3.2799793237713826,🔥 강력
131290,티에스이,KOSDAQ,1347282052200,372226,3956.0,3956.0,348053207965.0,87004601378.0,39898852512.0,45031658141.0,519408350485.0,268896709967.0,94754519261.0,519408350485.0,399699298627.0,2024.0,CFS,IT/전자,115800,29.271991911021235,43.71708302797009,124506.23227651404,0.07518335299234924,172944.78045864968,0.49347824230267423,🔥 강력
281740,레이크머티리얼즈,KOSDAQ,1313296349040,1255652,317.0,,138725778383.0,36275419374.0,22166082728.0,21020540344.0,351334173536.0,127529963803.0,113875215680.0,351334173536.0,131371346090.0,2024.0,CFS,소재/철강,19260,60.75709779179811,60.75709779179811,9976.864416495186,-0.4819904248964078,19260.0,0.0,— 고평가
183300,코미코,KOSDAQ GLOBAL,1258420285200,997812,5402.0,5402.0,,234809809531.0,112461653836.0,87845843289.0,800342522976.0,319319304670.0,276059405083.0,800342522976.0,375718062479.0,2024.0,CFS,IT/전자,115000,21.288411699370602,43.71708302797009,170015.84093976967,0.4783986168675623,236159.68251709442,1.0535624566703863,🔥 강력
166090,하나머티리얼즈,KOSDAQ GLOBAL,1226215788000,660750,1627.0,1617.0,251646191336.0,74430632865.0,43411736320.0,31756594796.0,573884327709.0,137267888958.0,121039753948.0,573884327709.0,353781902893.0,2024.0,CFS,IT/전자,59300,36.44744929317763,43.71708302797009,51206.1779357655,-0.13648941086398814,71127.69408650734,0.19945521225138854,⚠️ 주의
253450,스튜디오드래곤,KOSDAQ GLOBAL,1200836995100,1168684,1114.0,1114.0,550080744350.0,67972349289.0,36393818100.0,33488155067.0,925506475223.0,393799198479.0,169437693840.0,185882470870.0,739624004353.0,2024.0,CFS,엔터/미디어,37700,33.84201077199282,27.697013518832733,35060.6528705856,-0.07000920767677445,30854.473059979664,-0.18157896392626885,— 고평가
