Code,Name,Market,Marcap,corp_code,EPS,EPS_diluted,revenue,gross_profit,op_income,net_income,total_assets,current_assets,current_liab,total_liab,equity,data_year,fs_div,Sector,price,PER,per_group,sector_median_per,fair_price_market,gap_market,fair_price_sector,gap_sector,signal
005930,삼성전자,KOSPI,1180375801646800,126380,4950.0,4950.0,300870903000000.0,114308635000000.0,32725961000000.0,34451351000000.0,514531948000000.0,227062266000000.0,93326299000000.0,112339878000000.0,402192070000000.0,2024.0,CFS,IT/전자,189700.0,38.323232323232325,일반,47.67864352038757,168664.62515203285,-0.11088758486013257,236009.28542591847,0.24411853150194238,⚠️ 주의
000660,SK하이닉스,KOSPI,717691281555000,164779,28732.0,28419.0,66192960000000.0,31828146000000.0,23467319000000.0,19796902000000.0,119855209000000.0,42278887000000.0,24965444000000.0,45939505000000.0,73915704000000.0,2024.0,CFS,IT/전자,986000.0,34.31713768620354,일반,47.67864352038757,979004.4464380217,-0.007094881908700076,1369902.7856277756,0.38935373795920447,⚠️ 주의
005380,현대차,KOSPI,105859765022000,164742,47369.0,47369.0,175231153000000.0,35749207000000.0,14239592000000.0,13229908000000.0,339798429000000.0,115764287000000.0,79509643000000.0,219522496000000.0,120275933000000.0,2024.0,CFS,자동차/부품,492000.0,10.386539720070088,일반,8.09921390982161,1614035.2785508372,2.280559509249669,383651.66369433986,-0.22022019574321167,⚠️ 주의
402340,SK스퀘어,KOSPI,80308965920000,1596425,27772.0,27716.0,1906611000000.0,,3912583000000.0,3650515000000.0,21921051000000.0,2702773000000.0,1396345000000.0,21921051000000.0,19585415000000.0,2024.0,CFS,지주,595000.0,21.424456286907677,일반,25.620485024187783,946293.7312570214,0.5904096323647419,711532.1100917431,0.19585228586847572,🔥 강력
207940,삼성바이오로직스,KOSPI,74111812551000,877059,15221.0,15221.0,4547322176421.0,2290844589981.0,1320052380133.0,1083315885986.0,17336296349511.0,5518117814577.0,3853188425809.0,6431620287493.0,10904676062018.0,2024.0,CFS,바이오/제약,1547000.0,101.63589777281388,일반,84.8314606741573,518635.2039270893,-0.6647477673386625,1291219.6629213484,-0.16533958440766106,— 고평가
012450,한화에어로스페이스,KOSPI,68063689320000,126566,45935.0,45935.0,,2869853204579.0,1731878825342.0,2539873460538.0,,22867968340831.0,25516144577239.0,,,2024.0,CFS,방산/중공업,1335000.0,29.06280613910961,일반,42.05529677716929,1565173.647749218,0.17241471741514452,1931810.0574592713,0.4470487321792294,🔥 강력
000270,기아,KOSPI,65784590163000,106641,24893.0,,107448752000000.0,24770771000000.0,12667139000000.0,9775005000000.0,92755874000000.0,41797457000000.0,26977376000000.0,36915565000000.0,55840309000000.0,2024.0,CFS,자동차/부품,157900.0,6.343148676334713,일반,8.09921390982161,848195.6593756675,4.371726785153055,201613.73185718936,0.2768444069486343,🔥 강력
329180,HD현대중공업,KOSPI,58673324775000,1390344,7001.0,,14486453544000.0,1493930874000.0,705223483000.0,621509420000.0,19390946750000.0,10403121877000.0,11796215796000.0,13686498249000.0,5704448501000.0,2024.0,CFS,방산/중공업,516000.0,73.70375660619912,일반,42.05529677716929,238549.70518977413,-0.5376943697872594,294429.1327369622,-0.42940090554852295,— 고평가
068270,셀트리온,KOSPI,46671748722000,413046,2048.0,2045.0,,1681713270596.0,492015534847.0,418883310404.0,21055222437706.0,5584129149603.0,3187120605915.0,3475160069015.0,17580062368691.0,2024.0,CFS,바이오/제약,199600.0,97.4609375,일반,84.8314606741573,69782.85905280066,-0.6503864776913795,173734.83146067415,-0.1295850127220734,— 고평가
055550,신한지주,KOSPI,46468661941900,382199,8441.0,8441.0,,,6458670000000.0,4558170000000.0,739764256000000.0,,,739764256000000.0,,2024.0,CFS,지주,90000.0,10.662243809975122,일반,25.620485024187783,287615.7779612746,2.1957308662363846,216262.51408916907,1.4029168232129896,🔥 강력
012330,현대모비스,KOSPI,36338399491500,164788,44939.0,,57236995000000.0,8062628000000.0,3073456000000.0,4060161000000.0,66596905000000.0,28424073000000.0,12745182000000.0,66596905000000.0,46118232000000.0,2024.0,CFS,자동차/부품,392500.0,8.734061728120341,일반,8.09921390982161,1531236.28074893,2.9012389318444076,363970.57389347337,-0.07268643594019525,⚠️ 주의
009150,삼성전기,KOSPI,34695221792000,126371,8988.0,8988.0,10294102976435.0,1959222801014.0,735005856995.0,703215637082.0,12792402920884.0,5891746488305.0,3056860858021.0,3776548889114.0,9015854031770.0,2024.0,CFS,IT/전자,437000.0,48.62038273253226,일반,47.67864352038757,306254.0708821154,-0.29918976914847734,428535.64796124346,-0.019369226633310154,— 고평가
267260,HD현대일렉트릭,KOSPI,34569202465000,1205851,13935.0,,3322349007529.0,1044565282142.0,668970713547.0,498409535389.0,3795545096460.0,2763740978393.0,2001078594202.0,3795545096460.0,1507517124598.0,2024.0,CFS,방산/중공업,925000.0,66.37961966271978,일반,42.05529677716929,474816.4750492076,-0.48668489183869446,586040.560589854,-0.3664426372001578,— 고평가
010130,고려아연,KOSPI,33125401803000,102858,9488.0,,12052918410249.0,1140795311524.0,723472208523.0,194781564506.0,14792322181548.0,7567074179254.0,6366334342627.0,14792322181548.0,7595427776993.0,2024.0,CFS,소재/철강,1543000.0,162.6264755480607,일반,60.75709779179811,323290.90170555306,-0.7904790008389158,576463.3438485805,-0.626400943714465,— 고평가
006400,삼성SDI,KOSPI,32274504765000,126362,8188.0,9011.0,16592248884388.0,3093563995780.0,363304463263.0,575512415979.0,40597344536357.0,10334312926481.0,10855694147360.0,19030107423830.0,21567237112527.0,2024.0,CFS,에너지/화학,397500.0,48.546653639472396,일반,21.64492968101053,278995.1415646151,-0.29812543002612546,177228.68422811423,-0.5541416748978258,— 고평가
015760,한국전력,KOSPI,31552534384550,159193,5439.0,5439.0,93398896000000.0,11434736000000.0,8364710000000.0,3621968000000.0,246807795000000.0,29255205000000.0,63968789000000.0,246807795000000.0,41362833000000.0,2024.0,CFS,에너지/화학,46750.0,8.595330023901452,일반,21.64492968101053,185326.6456973549,2.96420632507711,117726.77253501628,1.5182197333693321,🔥 강력
009540,HD한국조선해양,KOSPI,28627725422000,164830,16578.0,,25538577356000.0,2595367428000.0,1434090492000.0,1454580111000.0,36719137422000.0,20431356435000.0,19325058391000.0,22563324218000.0,14155813204000.0,2024.0,CFS,방산/중공업,379500.0,22.89178429243576,일반,42.05529677716929,564873.1627818991,0.48846683209986586,697192.7099719124,0.8371349406374504,🔥 강력
010120,LS ELECTRIC,KOSPI,26580000000000,105855,8078.0,8078.0,,907590799908.0,389717122317.0,242237998768.0,4485197464384.0,3052191652183.0,1846349798510.0,2595105380936.0,1890092083448.0,2024.0,CFS,소재/철강,813000.0,100.64372369398366,일반,60.75709779179811,275247.0387834589,-0.6614427567239128,490795.8359621451,-0.3963150849174107,— 고평가
272210,한화시스템,KOSPI,25693036904000,339391,2591.0,2589.0,2803686058274.0,415792516415.0,219345297682.0,445378843124.0,5724010115718.0,2286147317733.0,2677051475212.0,5724010115718.0,2416416895456.0,2024.0,CFS,IT/전자,127300.0,49.13160941721343,일반,47.67864352038757,88284.85732705396,-0.3064818748856719,123535.36536132419,-0.02957293510350203,— 고평가
298040,효성중공업,KOSPI,25502638780000,1316245,23909.0,,4894979612220.0,791772345743.0,362479487133.0,222929444192.0,6218812921202.0,3036422654447.0,3092775159627.0,4163194426688.0,2055618494514.0,2024.0,CFS,소재/철강,2701000.0,112.9700112928186,일반,60.75709779179811,814667.1763151421,-0.6983831261328611,1452641.451104101,-0.4621838389099959,— 고평가
267250,HD현대,KOSPI,20972664067500,1205709,7203.0,,67765626088000.0,6426904974000.0,2983162778000.0,1930179481000.0,73866670219000.0,35592849734000.0,32333112202000.0,73866670219000.0,26385102145000.0,2024.0,CFS,방산/중공업,255000.0,35.40191586838817,일반,42.05529677716929,245432.58484244294,-0.03751927512767474,302924.3026859504,0.1879384419056879,⚠️ 주의
011200,HMM,KOSPI,20043806862500,164645,4999.0,3690.0,11700224000000.0,3963464000000.0,3512847000000.0,3782129000000.0,33848562000000.0,17996844000000.0,2357189000000.0,5993018000000.0,27855544000000.0,2024.0,CFS,운송/물류,19930.0,3.986797359471894,일반,9.53266022607123,170334.23457272974,7.546624915841933,47653.768470130075,1.3910571234385387,🔥 강력
064350,현대로템,KOSPI,19656526969300,302926,3728.0,,4376597857000.0,829047638000.0,,405259414000.0,5285394740000.0,3686316730000.0,3019853718000.0,3276309551000.0,2009085189000.0,2024.0,CFS,자동차/부품,177900.0,47.71995708154506,일반,8.09921390982161,127026.6106195512,-0.2859662134932479,30193.869455814965,-0.8302761694445476,— 고평가
047810,한국항공우주,KOSPI,18101127369900,309503,1765.0,1765.0,3633742105840.0,481490443379.0,240718310400.0,170895410977.0,8025538409393.0,5439008063568.0,4914742846130.0,8025538409393.0,1727176882121.0,2024.0,CFS,운송/물류,176300.0,99.88668555240793,일반,9.53266022607123,60140.01280673494,-0.6588768417088205,16825.14529901572,-0.9045652563867514,— 고평가
033780,KT&G,KOSPI,18061571587500,244455,11383.0,11383.0,,2902024000000.0,1188814000000.0,1164999000000.0,13925237000000.0,7176310000000.0,3142888000000.0,4566772000000.0,9358465000000.0,2024.0,CFS,IT/전자,157600.0,13.845207765966792,일반,47.67864352038757,387860.4905263818,1.461043721614098,542725.9991925716,2.443692888277739,🔥 강력
030200,KT,KOSPI,15297716279500,190321,1908.0,1906.0,,,809471000000.0,417094000000.0,41879957000000.0,14251937000000.0,13874734000000.0,23883408000000.0,17996549000000.0,2024.0,CFS,IT/전자,59300.0,31.07966457023061,일반,47.67864352038757,65012.54642223811,0.09633299194330712,90970.85183689948,0.5340784458161801,🔥 강력
079550,LIG넥스원,KOSPI,14542000000000,503668,10173.0,,3276339508425.0,452627287247.0,229779392271.0,216648719554.0,6125264653217.0,3894568274428.0,4616518043951.0,6125264653217.0,1237435235062.0,2024.0,CFS,방산/중공업,641000.0,63.009928241423374,일반,42.05529677716929,346631.35993366264,-0.45923344784139997,427828.53411414317,-0.3325607892135052,— 고평가
047050,포스코인터내셔널,KOSPI,13546054676000,124504,3019.0,3019.0,32340793124000.0,1895983188000.0,1116921237000.0,503409725000.0,,8268175054000.0,6659697291000.0,,7349462921000.0,2024.0,CFS,유통/소비재,75900.0,25.140775091089765,일반,20.4177545691906,102868.38451191659,0.35531468395147026,61641.20104438642,-0.18786296384207615,⚠️ 주의
278470,에이피알,KOSPI,13459016722500,1190568,2875.0,2819.0,722753862301.0,543599699569.0,122705544449.0,107590435967.0,565143563187.0,286027445388.0,145136758580.0,241619489197.0,323524073990.0,2024.0,CFS,유통/소비재,332500.0,115.65217391304348,일반,20.4177545691906,97961.77723476656,-0.7053781135796494,58701.044386422975,-0.823455505604743,— 고평가
018260,삼성에스디에스,KOSPI,12581630280000,126186,9787.0,9787.0,13828232033800.0,2012332154316.0,911096907001.0,789501325293.0,13238330251696.0,9003786950710.0,2495408581399.0,3532880772221.0,9705449479475.0,2024.0,CFS,IT/전자,157100.0,16.051905589046694,일반,47.67864352038757,333478.9265379688,1.1227175463906354,466630.8841340331,1.9702793388544437,🔥 강력
323410,카카오뱅크,KOSPI,11973802818700,1133217,924.0,923.0,,,606880000000.0,440065000000.0,62805282000000.0,,,56265151000000.0,6540131000000.0,2024.0,OFS,IT/전자,23800.0,25.757575757575758,일반,47.67864352038757,31484.063361712797,0.32285980511398304,44055.06661283811,0.8510532190268114,🔥 강력
259960,크래프톤,KOSPI,11163781180500,760971,28593.0,28384.0,,,1182487684188.0,1302592653712.0,7919463568015.0,5004427032417.0,784829947760.0,1090331965788.0,6829131602227.0,2024.0,CFS,엔터/미디어,236500.0,8.271255202322246,일반,27.697013518832733,974268.2074691061,3.1195273043091167,791940.7075439843,2.3485865012430627,🔥 강력
003490,대한항공,KOSPI,9702614417350,113526,3566.0,3566.0,,3758168388895.0,2110200077994.0,1381858075058.0,47012065940089.0,11616873056353.0,16973485891743.0,47012065940089.0,10963191867177.0,2024.0,CFS,운송/물류,24850.0,6.968592260235558,일반,9.53266022607123,121506.6774327574,3.8896047256642814,33993.46636617,0.3679463326426561,🔥 강력
006260,LS,KOSPI,9469200000000,105952,8677.0,8677.0,,2661201000000.0,1072943000000.0,391515000000.0,20527939000000.0,12938266000000.0,10546216000000.0,20527939000000.0,6881153000000.0,2024.0,CFS,소재/철강,276500.0,31.865852253082863,일반,60.75709779179811,295657.16210993717,0.0692844922601706,527189.3375394322,0.9066522153324854,🔥 강력
007660,이수페타시스,KOSPI,9308288969200,107613,1171.0,,836866961285.0,156600343429.0,101878836049.0,74034111779.0,790136366426.0,522697354400.0,377363096552.0,790136366426.0,327526708412.0,2024.0,CFS,IT/전자,120200.0,102.64730999146029,일반,47.67864352038757,39900.257788491006,-0.6680510999293594,55831.69156237384,-0.5355100535576219,— 고평가
180640,한진칼,KOSPI,8679096270000,983040,7459.0,,,116726983000.0,49192742000.0,512176366000.0,4207157981000.0,539972243000.0,672904948000.0,4207157981000.0,3313160945000.0,2024.0,CFS,운송/물류,121300.0,16.262233543370424,일반,9.53266022607123,254155.44222404304,1.0952633324323418,71104.1126262653,-0.4138160541940206,⚠️ 주의
003230,삼양식품,KOSPI,8670500265000,126955,36468.0,36468.0,1728015003746.0,723217308822.0,344569150443.0,271255665463.0,1594782196967.0,676663603748.0,492425282678.0,1594782196967.0,828033342607.0,2024.0,CFS,유통/소비재,1203000.0,32.987824942415266,일반,20.4177545691906,1242598.2929382492,0.03291628673171171,744594.6736292428,-0.38105180911949893,⚠️ 주의
090430,아모레퍼시픽,KOSPI,8235780467200,583424,8606.0,8606.0,3885110699186.0,2746732498324.0,220481343913.0,601641373835.0,6783507800768.0,1734808826757.0,1095705144331.0,1457499911662.0,5326007889106.0,2024.0,CFS,유통/소비재,135700.0,15.768068789216825,일반,20.4177545691906,293237.932133009,1.1609280186662418,175715.1958224543,0.29487985130769556,🔥 강력
443060,HD현대마린솔루션,KOSPI,8190684904500,1194689,5304.0,5275.0,1745458578779.0,362176072235.0,271729951500.0,227940276635.0,1152227968481.0,1075525917500.0,342617751499.0,1152227968481.0,773534561558.0,2024.0,CFS,방산/중공업,179800.0,33.89894419306184,일반,42.05529677716929,180726.70137502672,0.005154067714275425,223061.2941061059,0.24060786488379252,🔥 강력
000100,유한양행,KOSPI,7988654380300,145109,943.0,943.0,2067791451854.0,689386389746.0,54880319609.0,55163455235.0,2942048836634.0,1360261256866.0,619136487792.0,791378826075.0,2150670010559.0,2024.0,CFS,바이오/제약,95600.0,101.37857900318133,일반,84.8314606741573,32131.46293300343,-0.663896831244734,79996.06741573033,-0.16322105213671204,— 고평가
047040,대우건설,KOSPI,7942548612180,124540,570.0,569.0,10503609086034.0,927546410982.0,403125613881.0,242849735359.0,12658456266814.0,9588714887380.0,4543987487164.0,8324364439243.0,4334091827571.0,2024.0,CFS,건설/부동산,16400.0,28.771929824561404,일반,26.209021212548798,19421.987138718934,0.1842675084584716,14939.142091152815,-0.08907670175897471,⚠️ 주의
326030,SK바이오팜,KOSPI,7721686450000,878696,3074.0,3074.0,547596283214.0,504495368894.0,96339659521.0,226973435375.0,1036810779623.0,651371301562.0,396276252761.0,462826530311.0,573984249312.0,2024.0,CFS,바이오/제약,95000.0,30.904359141184123,일반,84.8314606741573,104742.43590249475,0.10255195686836577,260771.91011235953,1.7449674748669424,🔥 강력
128940,한미약품,KOSPI,7174154960000,828497,9567.0,9567.0,1495501575568.0,817036996044.0,216186188006.0,140431062099.0,2020840493653.0,746306484262.0,682758544357.0,780088902015.0,1240751591638.0,2024.0,CFS,바이오/제약,511000.0,53.41277307410892,일반,84.8314606741573,325982.72097565624,-0.36206903918658273,811582.5842696629,0.5882242353613755,⚠️ 주의
011070,LG이노텍,KOSPI,7005463672000,105961,18985.0,18985.0,21200755000000.0,1743671000000.0,706043000000.0,0.0,11378212000000.0,5853122000000.0,3954861000000.0,6024347000000.0,5353865000000.0,2024.0,CFS,IT/전자,292000.0,15.38056360284435,일반,47.67864352038757,646888.466365928,1.2153714601572876,905179.0472345579,2.0999282439539653,🔥 강력
028050,삼성E&A,KOSPI,6918800000000,126308,3862.0,,9966551344477.0,1509174642168.0,971611686017.0,638672451980.0,10013337796132.0,7941890024257.0,5871110579495.0,10013337796132.0,3895741786193.0,2024.0,CFS,방산/중공업,33800.0,8.751941998964266,일반,42.05529677716929,131592.4812802325,2.893268676929955,162417.55615342778,3.805253140633958,🔥 강력
032640,LG유플러스,KOSPI,6799884576100,231363,871.0,871.0,,,863130000000.0,314602000000.0,19707730000000.0,5263896000000.0,5116288000000.0,10939351000000.0,8768379000000.0,2024.0,CFS,IT/전자,15270.0,17.531572904707232,일반,47.67864352038757,29678.159294428406,0.9435598752081471,41528.09850625757,1.7195873285040977,🔥 강력
052690,한전기술,KOSPI,6707610000000,159209,1538.0,1538.0,,167195010838.0,54806059056.0,58512128400.0,946846882988.0,575753925755.0,361039308185.0,946846882988.0,577473652879.0,2024.0,CFS,소재/철강,157800.0,102.60078023407021,일반,60.75709779179811,52405.291612894245,-0.6679005601210758,93444.4164037855,-0.4078300608125127,— 고평가
078930,GS,KOSPI,6411161082000,500254,5988.0,,25297467000000.0,6191104000000.0,3060163000000.0,863517000000.0,35063398000000.0,5706980000000.0,6060442000000.0,35063398000000.0,18470356000000.0,2024.0,CFS,지주,67700.0,11.305945223780896,일반,25.620485024187783,204033.08594148944,2.0137826579245117,153415.46432483644,1.2661073016962547,🔥 강력
267270,HD건설기계,KOSPI,6380557694000,1205842,5595.0,,3438062302000.0,650824965000.0,190421614000.0,85966730000.0,3324625332000.0,2112846135000.0,1063541773000.0,3324625332000.0,1793830435000.0,2024.0,CFS,건설/부동산,132300.0,23.646112600536192,일반,26.209021212548798,190642.13691426744,0.44098365014563445,146639.47368421053,0.1083860444762701,🔥 강력
001040,CJ,KOSPI,6039638586000,148540,2993.0,2993.0,43646656090000.0,12623822787000.0,2547483645000.0,151195776000.0,47496993224000.0,13697532273000.0,16904989037000.0,29750607288000.0,17746385936000.0,2024.0,CFS,지주,204000.0,68.15903775476112,일반,25.620485024187783,101982.46930909784,-0.5000859347593243,76682.11167739403,-0.6241072956990489,— 고평가
001440,대한전선,KOSPI,5723932110000,113207,409.0,409.0,3291299375000.0,263386194000.0,115169757000.0,74190402000.0,2642726208000.0,1775776357000.0,920138410000.0,2642726208000.0,1496112472000.0,2024.0,CFS,소재/철강,28950.0,70.78239608801955,일반,60.75709779179811,13936.127613572007,-0.5186138993584799,24849.652996845427,-0.14163547506578836,— 고평가
271560,오리온,KOSPI,5448078989600,1238169,13271.0,13271.0,3104338576129.0,1196174532214.0,543587778241.0,533229552422.0,4308449797008.0,1647381241517.0,537615043736.0,4308449797008.0,3574045867619.0,2024.0,CFS,유통/소비재,133400.0,10.051993067590988,일반,20.4177545691906,452191.5637156824,2.3897418569391484,270964.02088772843,1.0312145493832716,🔥 강력
022100,포스코DX,KOSPI,4925925219600,155212,580.0,580.0,1473290670631.0,187522952033.0,108991969223.0,88599060003.0,892453016139.0,676687634640.0,355027712350.0,892453016139.0,525897500876.0,2024.0,CFS,IT/전자,30700.0,52.93103448275862,일반,47.67864352038757,19762.723755187686,-0.3562630698635933,27653.613241824787,-0.09923083902850856,— 고평가
062040,산일전기,KOSPI,4862795840000,366438,3136.0,3061.0,333996550771.0,143563093705.0,109231906505.0,,492674198507.0,305188896644.0,52564399265.0,492674198507.0,434241887238.0,2024.0,OFS,소재/철강,152800.0,48.724489795918366,일반,60.75709779179811,106855.00292460101,-0.30068715363481013,190534.25867507886,0.24695195467983547,⚠️ 주의
251270,넷마블,KOSPI,4286527403300,904672,313.0,308.0,,,215627215188.0,3216188118.0,8177066253496.0,1114816595237.0,1348239156045.0,8177066253496.0,5473860209795.0,2024.0,CFS,엔터/미디어,51300.0,163.89776357827475,일반,27.697013518832733,10665.056095471977,-0.7921041696789088,8669.165231394645,-0.8310104243392856,— 고평가
082740,한화엔진,KOSPI,4093082315100,361008,968.0,968.0,,116340351068.0,71531721192.0,79159548487.0,1413101954226.0,785001242520.0,586563184908.0,1019806164340.0,393295789886.0,2024.0,OFS,방산/중공업,47150.0,48.70867768595041,일반,42.05529677716929,32983.30447417531,-0.30046013840561375,40709.52728029987,-0.136595391722166,— 고평가
353200,대덕전자,KOSPI,4091721390000,1478712,466.0,466.0,892135903752.0,61547000833.0,11259489061.0,23762727122.0,1088723750887.0,465866345845.0,159688137695.0,1088723750887.0,875513939249.0,2024.0,CFS,IT/전자,77600.0,166.5236051502146,일반,47.67864352038757,15878.3263274439,-0.7953823926875786,22218.247880500607,-0.7136823726739612,— 고평가
103590,일진전기,KOSPI,3938813214000,683469,983.0,982.0,1577247371000.0,155643123000.0,79742010000.0,0.0,1249038272000.0,702238015000.0,606533501000.0,1249038272000.0,500309704000.0,2024.0,CFS,소재/철강,77300.0,78.63682604272636,일반,60.75709779179811,33494.409398878444,-0.566695868061081,59724.227129337545,-0.22737092976277432,— 고평가
051900,LG생활건강,KOSPI,3909778274500,356370,11281.0,11281.0,6811918756741.0,3560832396845.0,459045912180.0,203887730139.0,,2856048500735.0,1295900316472.0,,,2024.0,CFS,유통/소비재,250000.0,22.161155925893095,일반,20.4177545691906,384384.97703840054,0.5375399081536022,230332.68929503913,-0.07866924281984347,⚠️ 주의
000990,DB하이텍,KOSPI,3832754202800,160843,5520.0,5520.0,1131167709804.0,386836726833.0,190838683363.0,229385888355.0,2396851168578.0,1194370198832.0,316866668877.0,2396851168578.0,2000688804317.0,2024.0,CFS,IT/전자,83400.0,15.108695652173912,일반,47.67864352038757,188086.61229075177,1.255235159361532,263186.1122325394,2.1557087797666594,🔥 강력
010060,OCI홀딩스,KOSPI,3790057096000,148896,5077.0,5077.0,3577383349000.0,461046358000.0,101527729000.0,113723638000.0,8093654722000.0,4763348250000.0,1901359096000.0,3258113380000.0,4835541342000.0,2024.0,CFS,지주,177600.0,34.98128816230057,일반,25.620485024187783,172991.98018118602,-0.025946057538366984,130075.20246780137,-0.26759458069931663,— 고평가
012510,더존비즈온,KOSPI,3626102026000,172291,2170.0,2170.0,402332391243.0,183993970188.0,88064046059.0,78026871531.0,1037613249183.0,215914131430.0,204315065486.0,482789066484.0,554824182699.0,2024.0,CFS,IT/전자,118600.0,54.654377880184335,일반,47.67864352038757,73939.84577371945,-0.3765611654829726,103462.65643924102,-0.12763358820201498,— 고평가
036460,한국가스공사,KOSPI,3480200100000,261285,13174.0,12422.0,84454000000.0,3412673000000.0,3003363000000.0,1148985000000.0,57669637000000.0,16968511000000.0,21266507000000.0,57669637000000.0,10826356000000.0,2024.0,CFS,에너지/화학,35950.0,2.7288598755123727,일반,21.64492968101053,448886.4185359355,11.486409416854952,285150.3036176327,6.931858236929978,🔥 강력
011780,금호석유화학,KOSPI,3433586769800,106368,13423.0,,7155003786012.0,585555234194.0,272804307588.0,348602013402.0,8340238952259.0,2710939308766.0,1534476881893.0,2298015880753.0,6042223071506.0,2024.0,CFS,에너지/화학,127400.0,9.491171869179766,일반,21.64492968101053,457370.7602860075,2.590037364882319,290539.8911082044,1.280532897238653,🔥 강력
014680,한솔케미칼,KOSPI,3342837330000,140955,10980.0,10912.0,776356975793.0,204763800102.0,128825376120.0,124893890949.0,1464678817159.0,348048080154.0,272370414176.0,1464678817159.0,1071443703044.0,2024.0,CFS,에너지/화학,279000.0,25.40983606557377,일반,21.64492968101053,374128.80488269107,0.34096345836089986,237661.32789749562,-0.1481672835215211,⚠️ 주의
004170,신세계,KOSPI,3317942264000,136378,11776.0,11776.0,6570412728809.0,4052715965832.0,477024306786.0,186608863964.0,15071774121951.0,2342662811362.0,4947367431132.0,15071774121951.0,6374698444225.0,2024.0,CFS,유통/소비재,320500.0,27.216372282608695,일반,20.4177545691906,401251.4395536038,0.25195456959002754,240439.4778067885,-0.24979882119566774,⚠️ 주의
097950,CJ제일제당,KOSPI,3191487432000,635134,9294.0,9294.0,29359081823000.0,6491694900000.0,1553017638000.0,361835555000.0,30149997467000.0,8546271600000.0,9956782579000.0,17907211781000.0,12242785686000.0,2024.0,CFS,유통/소비재,217500.0,23.402194964493223,일반,20.4177545691906,316680.61134605925,0.4560028107864793,189762.61096605743,-0.1275282254434141,⚠️ 주의
051600,한전KPS,KOSPI,3037500000000,159218,3832.0,3832.0,1557085808533.0,295354975574.0,209498645768.0,172441205945.0,1690214811558.0,1051206546951.0,347424669408.0,1690214811558.0,1328473540425.0,2024.0,CFS,소재/철강,62000.0,16.17954070981211,일반,60.75709779179811,130570.27143082624,1.105972119852036,232821.19873817035,2.7551806248091992,🔥 강력
005850,에스엘,KOSPI,2930901612000,125521,7998.0,7998.0,4973273970111.0,688696386608.0,395164287548.0,381963573388.0,3698864220516.0,2346052089698.0,1142207374201.0,1301616145058.0,2397248075458.0,2024.0,CFS,자동차/부품,59700.0,7.464366091522881,일반,8.09921390982161,272521.14585170883,3.5648433140989755,64777.51285075324,0.08505046651177961,🔥 강력
028670,팬오션,KOSPI,2849255498960,122737,502.0,502.0,5161218000000.0,582734000000.0,471180000000.0,268143000000.0,10271506000000.0,2021806000000.0,1276861000000.0,10271506000000.0,5653383000000.0,2024.0,CFS,운송/물류,5040.0,10.0398406374502,일반,9.53266022607123,17104.978146731413,2.393844870383217,4785.395433487757,-0.05051677906988945,⚠️ 주의
112610,씨에스윈드,KOSPI,2787529738300,670340,3434.0,3409.0,3072529196695.0,404441400056.0,255481950329.0,143668438531.0,3609483010970.0,1828066183450.0,1480639888675.0,3609483010970.0,1200264992078.0,2024.0,CFS,에너지/화학,61400.0,17.88002329644729,일반,21.64492968101053,117008.95409536986,0.9056832914555352,74328.68852459016,0.2105649596838789,🔥 강력
071970,HD현대마린엔진,KOSPI,2727288198000,406046,2464.0,2464.0,315793988713.0,69600469181.0,33193655658.0,75775091634.0,494962962578.0,293886545654.0,180908739583.0,185588379579.0,309374582999.0,2024.0,CFS,방산/중공업,75200.0,30.51948051948052,일반,42.05529677716929,83957.50229790079,0.11645614757846798,103624.25125894512,0.37798206461363193,🔥 강력
006360,GS건설,KOSPI,2721491382000,120030,2893.0,2893.0,12863811468386.0,1114179838862.0,285954335787.0,263924031753.0,17803293924556.0,8666549605548.0,9031905115658.0,17803293924556.0,5087123959443.0,2024.0,CFS,건설/부동산,28200.0,9.747666781887315,일반,26.209021212548798,98575.10314441031,2.4955710334897274,75822.69836790368,1.6887481690745985,🔥 강력
008930,한미사이언스,KOSPI,2629655097500,161426,878.0,878.0,,,98867912225.0,56693106363.0,1349078932369.0,327964548355.0,468827139886.0,1349078932369.0,838703712282.0,2024.0,CFS,바이오/제약,36700.0,41.7995444191344,일반,84.8314606741573,29916.674925956533,-0.18483174588674298,74482.02247191011,1.0294829011419648,⚠️ 주의
026960,동서,KOSPI,2612140000000,144395,1594.0,1594.0,488860392545.0,85503328555.0,44476967156.0,159046264652.0,1779146551075.0,899754296790.0,59271554235.0,1779146551075.0,1709476549885.0,2024.0,CFS,유통/소비재,26600.0,16.687578419071517,일반,20.4177545691906,54313.416665119265,1.0418577693653859,32545.900783289813,0.22353010463495537,🔥 강력
000120,CJ대한통운,KOSPI,2596044747200,113410,12088.0,,12116761147160.0,1386661508536.0,530663067133.0,268320297629.0,9743855522383.0,2783266786865.0,2996783656303.0,5518255667581.0,4225599854802.0,2024.0,CFS,운송/물류,109100.0,9.025479814692257,일반,9.53266022607123,411882.4219874289,2.775274262029596,115230.79681274902,0.05619428792620547,🔥 강력
017960,한국카본,KOSPI,2585040909600,159795,413.0,413.0,741740847191.0,117582507015.0,45446301892.0,20321351760.0,878968656770.0,460860282424.0,369168308880.0,878968656770.0,474286350797.0,2024.0,CFS,에너지/화학,46800.0,113.31719128329298,일반,21.64492968101053,14072.422260159508,-0.6993072166632583,8939.355958257349,-0.8089881205500566,— 고평가
204320,HL만도,KOSPI,2530988768000,1042775,2767.0,,8848181871751.0,1323249482554.0,358760766831.0,158249191839.0,7052043027166.0,3676853130994.0,2900489614702.0,4379288260980.0,2672754766186.0,2024.0,CFS,자동차/부품,52700.0,19.045898084568126,일반,8.09921390982161,94281.82177690402,0.7890288762220876,22410.524888476397,-0.5747528484160076,⚠️ 주의
004800,효성,KOSPI,2516083172100,117188,7510.0,,2272756398560.0,519612464605.0,221133379310.0,484258153404.0,4340864429768.0,1021710482736.0,1351828011529.0,4340864429768.0,2504438694987.0,2024.0,CFS,소재/철강,140600.0,18.721704394141145,일반,60.75709779179811,255893.19896803368,0.8200085275109081,456285.8044164038,2.2452759915818192,🔥 강력
030000,제일기획,KOSPI,2450378092500,148276,2049.0,2049.0,,,320720587990.0,208342984365.0,3306550192963.0,2723977664902.0,1564856744000.0,3306550192963.0,1474033393149.0,2024.0,CFS,엔터/미디어,20600.0,10.053684724255735,일반,27.697013518832733,69816.93271444754,2.389171490992599,56751.18070008827,1.7549116844703043,🔥 강력
005440,현대지에프홀딩스,KOSPI,2436784224630,105280,4483.0,,7409277127000.0,2109219238000.0,198099994000.0,791959780000.0,,3874977499000.0,2024324094000.0,,,2024.0,CFS,지주,14370.0,3.2054427838501005,일반,25.620485024187783,152752.22516294208,9.629939120594438,114856.63436343383,6.992806845054546,🔥 강력
018670,SK가스,KOSPI,2403763440000,144164,19926.0,19841.0,7095902060317.0,607792768526.0,287176575159.0,177768044603.0,7539621970135.0,2608910830555.0,2021018622987.0,4801285742388.0,2738336227747.0,2024.0,CFS,에너지/화학,243500.0,12.22021479474054,일반,21.64492968101053,678951.7819756377,1.7883030060601135,431296.86882381584,0.7712397076953422,🔥 강력
383220,F&F,KOSPI,2401853602500,1568413,9504.0,,,1246992536124.0,450737459737.0,355959818501.0,2285904738684.0,636793849985.0,522109298846.0,2285904738684.0,1577298222080.0,2024.0,CFS,유통/소비재,61600.0,6.481481481481482,일반,20.4177545691906,323836.08029190305,4.257079225517907,194050.33942558744,2.150167847817978,🔥 강력
001430,세아베스틸지주,KOSPI,2374072277800,106669,564.0,564.0,3636063257694.0,258024229486.0,52332166350.0,20273054942.0,3826646864046.0,1712680355639.0,1137233323820.0,1795239994311.0,2031406869735.0,2024.0,CFS,지주,68900.0,122.16312056737588,일반,25.620485024187783,19217.54516883768,-0.7210806216424139,14449.95355364191,-0.7902764360864744,— 고평가
081660,미스토홀딩스,KOSPI,2365241472000,195229,1417.0,1417.0,,2237830441572.0,360803535166.0,207722009422.0,5536390124625.0,2462449282236.0,1233701673828.0,2800091219487.0,5536390124625.0,2024.0,CFS,지주,42250.0,29.81651376146789,일반,25.620485024187783,48282.37855362233,0.14277819061827998,36304.22727927409,-0.14072834841954812,⚠️ 주의
007340,DN오토모티브,KOSPI,2325806883750,116949,6222.0,,3434542268000.0,896748518000.0,522916807000.0,318229010000.0,5006031529000.0,1964801236000.0,1334190771000.0,5006031529000.0,2170771614000.0,2024.0,CFS,자동차/부품,39250.0,6.308261009321762,일반,8.09921390982161,212006.32276685827,4.401434974951803,50393.30894691006,0.28390596043082955,🔥 강력
004370,농심,KOSPI,2314445281000,108241,27202.0,26747.0,3937893872782.0,965542188520.0,163073931930.0,157630314203.0,3597461570702.0,1743739590775.0,678174791731.0,924886441245.0,2672575129457.0,2024.0,CFS,유통/소비재,374000.0,13.748989044923167,일반,20.4177545691906,926871.7441183025,1.4782666955034827,555403.7597911226,0.4850367908853546,🔥 강력
023590,다우기술,KOSPI,2283710805300,176914,8246.0,7756.0,11625798455732.0,1932353644384.0,1174681942719.0,852762689452.0,57147924043319.0,47687656704946.0,47941097923479.0,50855367307244.0,6292556736075.0,2024.0,CFS,IT/전자,47650.0,5.778559301479505,일반,47.67864352038757,280971.41394013393,4.896566924242055,393158.0944691159,7.250956861891204,🔥 강력
192820,코스맥스,KOSPI,2225638714900,1009789,7562.0,,2166089636742.0,418207304227.0,175395279105.0,88417411666.0,1933713489313.0,940910911301.0,1114158039590.0,1424903002848.0,508810486465.0,2024.0,CFS,유통/소비재,193500.0,25.5884686590849,일반,20.4177545691906,257665.0293736712,0.33160221898538084,154399.0600522193,-0.202072041073802,⚠️ 주의
002790,아모레퍼시픽홀딩스,KOSPI,2156120676000,154462,2786.0,2786.0,4259886701995.0,3059399831769.0,249277525878.0,652873028811.0,8540521424208.0,2583268440605.0,1138099827158.0,1548821316419.0,6991700107789.0,2024.0,CFS,유통/소비재,27750.0,9.960516870064609,일반,20.4177545691906,94929.22134819465,2.420872841376384,56883.86422976501,1.049868981252793,🔥 강력
475150,SK이터닉스,KOSPI,2021867115800,1817081,677.0,671.0,332151737229.0,56469483067.0,37637399717.0,22380995585.0,731694676657.0,255027256240.0,297066304665.0,731694676657.0,241972753239.0,2024.0,CFS,에너지/화학,51800.0,76.51403249630724,일반,21.64492968101053,23067.868934934595,-0.5546743448854325,14653.61739404413,-0.7171116333196114,— 고평가
000500,가온전선,KOSPI,1894186667500,104768,3270.0,3270.0,1727103680000.0,116630037000.0,45011778000.0,25355195000.0,1042884426000.0,654804752000.0,518334366000.0,1042884426000.0,453705043000.0,2024.0,CFS,소재/철강,114400.0,34.984709480122326,일반,60.75709779179811,111420.8735852823,-0.0260413148139659,198675.70977917983,0.7366757847830405,⚠️ 주의
161890,한국콜마,KOSPI,1810509405900,939331,3830.0,3830.0,2452063980463.0,698925522349.0,193850424348.0,125324615188.0,3126693019808.0,858706005147.0,1215031627082.0,3126693019808.0,1505731966547.0,2024.0,CFS,유통/소비재,78200.0,20.4177545691906,일반,20.4177545691906,130502.12410753248,0.6688251164646097,78200.0,0.0,⚠️ 주의
073240,금호타이어,KOSPI,1792504190880,481454,1131.0,1131.0,4532177923979.0,1382249445688.0,588591711860.0,351617959521.0,5362836776663.0,2335000622135.0,2258019237755.0,5362836776663.0,1904822013747.0,2024.0,CFS,자동차/부품,6250.0,5.526083112290009,일반,8.09921390982161,38537.31132261599,5.165969811618559,9160.210932008242,0.46563374912131866,🔥 강력
462870,시프트업,KOSPI,1790174719000,1384787,2734.0,2659.0,,,152676273166.0,147973272692.0,803831909889.0,768171881980.0,28585967115.0,803831909889.0,764404135605.0,2024.0,OFS,엔터/미디어,29800.0,10.899780541331383,일반,27.697013518832733,93157.39094255713,2.126086944381112,75723.6349604887,1.5410615758553252,🔥 강력
058470,리노공업,KOSDAQ GLOBAL,8512863645000,369657,7463.0,7463.0,278186189427.0,138166081317.0,124201343872.0,113279046428.0,657443780756.0,449498090730.0,30614692642.0,34814668593.0,622629112163.0,2024.0,OFS,IT/전자,107300.0,14.37759614096208,일반,47.67864352038757,254291.73687063053,1.3699136707421298,355825.71659265243,2.316176296296854,🔥 강력
214370,케어젠,KOSDAQ,6016080000000,549891,658.0,658.0,82585947786.0,55317323136.0,34249787129.0,32313654383.0,240696868067.0,96406401615.0,8066161756.0,240696868067.0,222977779434.0,2024.0,CFS,바이오/제약,105000.0,159.5744680851064,일반,84.8314606741573,22420.469363643962,-0.786471720346248,55819.1011235955,-0.46838951310861426,— 고평가
039030,이오테크닉스,KOSDAQ GLOBAL,5291246725000,246417,3870.0,3870.0,320945496298.0,89025389191.0,31201085341.0,42670270031.0,653015311226.0,445645616892.0,48106248426.0,653015311226.0,603031420844.0,2024.0,CFS,IT/전자,423500.0,109.43152454780362,일반,47.67864352038757,131865.0705734075,-0.6886302938054133,184516.3504238999,-0.564306138314286,— 고평가
095340,ISC,KOSDAQ GLOBAL,5235673326000,572905,2671.0,2622.0,174480093980.0,74397761444.0,44784268057.0,54898977342.0,,405104881247.0,52271209748.0,,582882970486.0,2024.0,CFS,IT/전자,238500.0,89.29239985024336,일반,47.67864352038757,91010.750258804,-0.6184035628561677,127349.65684295518,-0.4660391746626617,— 고평가
403870,HPSP,KOSDAQ GLOBAL,4213760000000,1288827,1056.0,1035.0,181401607828.0,129611645669.0,93945693775.0,86280231062.0,319896333507.0,237711760468.0,40960057034.0,319896333507.0,277910828155.0,2024.0,OFS,IT/전자,48750.0,46.16477272727273,일반,47.67864352038757,35981.78669910034,-0.26191206771076225,50348.64755752927,0.032792770410856854,⚠️ 주의
214150,클래시스,KOSDAQ GLOBAL,3483584190600,1061327,1517.0,1509.0,,191127529489.0,122442594301.0,97543753801.0,608378808831.0,234201823223.0,128903651305.0,608378808831.0,452643914758.0,2024.0,CFS,바이오/제약,51700.0,34.080421885299934,일반,84.8314606741573,51689.74471830986,-0.00019836134797170316,128689.32584269662,1.4891552387368785,⚠️ 주의
083650,비에이치아이,KOSDAQ,3388409062500,409788,633.0,,404741038609.0,59118017516.0,21927258374.0,19585052430.0,524776405785.0,247320460329.0,379905605041.0,524776405785.0,116446559547.0,2024.0,CFS,방산/중공업,99200.0,156.71406003159558,일반,42.05529677716929,21568.62782247208,-0.782574316305725,26621.00285994816,-0.7316431163311677,— 고평가
036930,주성엔지니어링,KOSDAQ GLOBAL,3383825608800,252135,2272.0,2272.0,409393371588.0,248966783783.0,97196211588.0,106814110967.0,986824795276.0,398129947454.0,191704927851.0,986824795276.0,566590299600.0,2024.0,CFS,건설/부동산,77400.0,34.066901408450704,일반,26.209021212548798,77415.35926170074,0.0001984400736529456,59546.89619491087,-0.2306602558797045,⚠️ 주의
214450,파마리서치,KOSDAQ GLOBAL,3376635600000,970453,8941.0,8941.0,350115068641.0,251237257221.0,126050757121.0,88943035620.0,855700916352.0,554541963954.0,82817556411.0,855700916352.0,569440798163.0,2024.0,CFS,바이오/제약,312500.0,34.95134772396823,일반,84.8314606741573,304652.60878471227,-0.025111651888920738,758478.0898876404,1.4271298876404495,⚠️ 주의
357780,솔브레인,KOSDAQ GLOBAL,3329226248000,1489648,15296.0,15296.0,863356156458.0,246389216344.0,167948756594.0,119611878137.0,1168214133834.0,521491176326.0,123720340559.0,1168214133834.0,1037335849194.0,2024.0,CFS,IT/전자,427000.0,27.915794979079497,일반,47.67864352038757,521190.72855060495,0.22058718630118257,729292.5312878483,0.7079450381448437,🔥 강력
145020,휴젤,KOSDAQ GLOBAL,3285176811000,888347,12520.0,11988.0,373046885998.0,287175496572.0,166229170618.0,143134582847.0,939439325841.0,522925414568.0,61079734078.0,939439325841.0,840812000743.0,2024.0,CFS,바이오/제약,256500.0,20.487220447284344,일반,84.8314606741573,426602.243818879,0.663166642568729,1062089.8876404495,3.1407013163370348,🔥 강력
237690,에스티팜,KOSDAQ GLOBAL,3137747626000,871833,1780.0,1780.0,,96162795005.0,27692533192.0,32463839888.0,721875709831.0,330078457410.0,133281223062.0,,721875709831.0,2024.0,CFS,바이오/제약,151000.0,84.8314606741573,일반,84.8314606741573,60651.11773143808,-0.598336968665973,151000.0,0.0,— 고평가
084370,유진테크,KOSDAQ,2965335834800,531014,2845.0,2838.0,338067812312.0,165702800465.0,61177012897.0,65440277257.0,539499743575.0,391289214675.0,83383640937.0,539499743575.0,435742335000.0,2024.0,CFS,IT/전자,128500.0,45.16695957820738,일반,47.67864352038757,96939.5673853603,-0.24560647949135958,135645.74081550262,0.05560887794165464,⚠️ 주의
064760,티씨케이,KOSDAQ GLOBAL,2828392248000,245472,6167.0,6167.0,275724843444.0,104138745044.0,80747924196.0,71994036570.0,563519610069.0,405757965821.0,44574894545.0,563519610069.0,516254748314.0,2024.0,OFS,IT/전자,230000.0,37.295281336143994,일반,47.67864352038757,210132.2713762801,-0.0863814287987821,294034.1945902301,0.2784095416966527,⚠️ 주의
178320,서진시스템,KOSDAQ,2818956960000,838005,1696.0,1364.0,1213752801436.0,213424277129.0,108700662517.0,83921126833.0,2103214252543.0,1141566418825.0,884795098474.0,2103214252543.0,875584263726.0,2024.0,CFS,IT/전자,49200.0,29.00943396226415,일반,47.67864352038757,57788.93015310055,0.1745717510792794,80862.97941057732,0.6435564920849048,🔥 강력
068760,셀트리온제약,KOSDAQ,2677817062600,541349,531.0,530.0,477835307770.0,122010870123.0,37222949682.0,21966117520.0,669462477938.0,391673280914.0,247650113121.0,669462477938.0,396921557126.0,2024.0,OFS,바이오/제약,59000.0,111.11111111111111,일반,84.8314606741573,18093.114334490798,-0.6933370451781221,45045.50561797753,-0.2365168539325843,— 고평가
263750,펄어비스,KOSDAQ GLOBAL,2666285982500,1152470,982.0,982.0,,,,60343569967.0,1142821061456.0,453262511474.0,133158155310.0,1142821061456.0,805974577846.0,2024.0,CFS,엔터/미디어,40700.0,41.44602851323829,일반,27.697013518832733,33460.335737231566,-0.17787872881494923,27198.467275493746,-0.33173299077410945,— 고평가
005290,동진쎄미켐,KOSDAQ,2560441801200,118804,3010.0,3010.0,,364457457526.0,208225729660.0,143484559745.0,2016989003189.0,1082970678911.0,722768727205.0,996558402618.0,1020430600571.0,2024.0,CFS,IT/전자,48200.0,16.01328903654485,일반,47.67864352038757,102561.72155709472,1.1278365468276912,143512.71699636657,1.977442261335406,🔥 강력
257720,실리콘투,KOSDAQ,2355118458000,982023,1990.0,1981.0,691522368911.0,232826970951.0,137575012281.0,120738196347.0,457759144111.0,297095793185.0,189336374914.0,196171192588.0,261587951523.0,2024.0,CFS,유통/소비재,39000.0,19.597989949748744,일반,20.4177545691906,67806.5866772819,0.7386304276226128,40631.33159268929,0.041829015197161284,🔥 강력
035900,JYP Ent.,KOSDAQ GLOBAL,2352250970400,258689,2951.0,2951.0,601787883332.0,256381549018.0,128262269240.0,97714913917.0,678782059891.0,362268599891.0,174828773094.0,678782059891.0,482881501386.0,2024.0,CFS,엔터/미디어,63600.0,21.552016265672652,일반,27.697013518832733,100551.37551992908,0.5809964704391364,81733.88689407539,0.28512400776848096,🔥 강력
041510,에스엠,KOSDAQ GLOBAL,2248258558000,260930,795.0,795.0,989725343114.0,307235206265.0,87296655446.0,818849820.0,1419108143782.0,814044282096.0,484572824709.0,1419108143782.0,829079862089.0,2024.0,CFS,엔터/미디어,93300.0,117.35849056603773,일반,27.697013518832733,27088.561009265883,-0.7096617255169787,22019.125747472022,-0.7639965086015861,— 고평가
218410,RFHIC,KOSDAQ,2148173457800,1078178,995.0,995.0,114875963020.0,35648403400.0,1529788265.0,19698779772.0,482949216872.0,317854211716.0,95043343488.0,482949216872.0,357960809650.0,2024.0,CFS,IT/전자,76400.0,76.78391959798995,일반,47.67864352038757,33903.29333864095,-0.5562396159863751,47440.25030278563,-0.37905431540856505,— 고평가
098460,고영,KOSDAQ,1994420632750,579999,319.0,317.0,202538127214.0,125851699437.0,3322352718.0,20998990602.0,377932270492.0,284011001294.0,36095207500.0,54763375690.0,323168894802.0,2024.0,CFS,IT/전자,27600.0,86.52037617554859,일반,47.67864352038757,10869.498065353228,-0.6061776063277817,15209.487283003635,-0.4489316201810277,— 고평가
131970,두산테스나,KOSDAQ GLOBAL,1979109171200,563545,1912.0,1912.0,373117930000.0,67807589000.0,37923282000.0,36781312000.0,787696560000.0,113602076000.0,183136544000.0,787696560000.0,437666508000.0,2024.0,CFS,IT/전자,104200.0,54.49790794979079,일반,47.67864352038757,65148.84106882562,-0.3747711989556083,91161.56641098103,-0.12512892119979815,— 고평가
078600,대주전자재료,KOSDAQ,1953650836600,177816,2477.0,2268.0,219316249770.0,61986409925.0,29353571296.0,36394010154.0,622950058762.0,175050332242.0,315426510534.0,622950058762.0,230239136477.0,2024.0,CFS,IT/전자,118100.0,47.67864352038757,일반,47.67864352038757,84400.45989931017,-0.2853475029694313,118100.0,0.0,— 고평가
140860,파크시스템스,KOSDAQ GLOBAL,1910333061000,244747,6175.0,6156.0,175059849427.0,114217506199.0,38529871391.0,42803661818.0,274315476326.0,191151103812.0,62937674219.0,274315476326.0,187909793142.0,2024.0,CFS,IT/전자,261000.0,42.26720647773279,일반,47.67864352038757,210404.8606694551,-0.19385110854614898,294415.62373839325,0.12802920972564463,⚠️ 주의
038500,삼표시멘트,KOSDAQ,1874506235220,239639,616.0,616.0,790786523331.0,169229127166.0,103930124574.0,66099929851.0,1485067226446.0,317873666526.0,311290002411.0,1485067226446.0,756213299450.0,2024.0,CFS,소재/철강,17170.0,27.873376623376622,일반,60.75709779179811,20989.375574475198,0.22244470439575992,37426.37223974764,1.1797537705152963,🔥 강력
101490,에스앤에스텍,KOSDAQ,1821998666600,411048,1452.0,1452.0,176013891367.0,59493427722.0,29478688017.0,30313647619.0,297031688485.0,155043401195.0,39676525728.0,297031688485.0,246847048853.0,2024.0,CFS,IT/전자,87500.0,60.26170798898072,일반,47.67864352038757,49474.95671126297,-0.43457192329985184,69229.39039160275,-0.20880696695311143,— 고평가
232140,와이씨,KOSDAQ,1735259152500,1109539,137.0,137.0,211241210832.0,58448212614.0,10599506307.0,12926037556.0,576855440421.0,260930516127.0,101255439318.0,576855440421.0,418212295510.0,2024.0,CFS,IT/전자,20200.0,147.44525547445255,일반,47.67864352038757,4668.091645621919,-0.7689063541771327,6531.974162293097,-0.6766349424607379,— 고평가
080220,제주반도체,KOSDAQ,1525817501900,447487,581.0,581.0,162349945455.0,35407901848.0,9581360274.0,19405207353.0,225427601825.0,175914531374.0,38259555518.0,225427601825.0,184233770184.0,2024.0,CFS,IT/전자,42350.0,72.89156626506023,일반,47.67864352038757,19796.79741683456,-0.532543154266008,27701.291885345177,-0.3458962955054267,— 고평가
397030,에이프릴바이오,KOSDAQ,1505599377000,1375822,913.0,913.0,,,16869084717.0,20005162287.0,99598583008.0,96626064721.0,8482191743.0,99598583008.0,90987762157.0,2024.0,OFS,바이오/제약,59300.0,64.95071193866374,일반,84.8314606741573,31109.25308359717,-0.4753920221990359,77451.12359550562,0.30608977395456355,⚠️ 주의
195940,HK이노엔,KOSDAQ GLOBAL,1475987321100,1012066,2174.0,2174.0,897141915178.0,435072884504.0,88224439067.0,61580192966.0,1889575171545.0,385467722761.0,463964828224.0,1889575171545.0,1251377196361.0,2024.0,OFS,바이오/제약,51800.0,23.827046918123276,일반,84.8314606741573,74076.14042030695,0.43004132085534663,184423.59550561797,2.5603010715370265,🔥 강력
082920,비츠로셀,KOSDAQ,1366985231550,154718,2300.0,2300.0,210779361832.0,70487152733.0,51910636695.0,51260348099.0,317852058044.0,237675367513.0,32826959998.0,317852058044.0,283013473108.0,2024.0,CFS,소재/철강,32650.0,14.195652173913043,일반,60.75709779179811,78369.42178781325,1.400288569305153,139741.32492113565,3.2799793237713826,🔥 강력
131290,티에스이,KOSDAQ,1347282052200,372226,3956.0,3956.0,348053207965.0,87004601378.0,39898852512.0,45031658141.0,519408350485.0,268896709967.0,94754519261.0,519408350485.0,399699298627.0,2024.0,CFS,IT/전자,115800.0,29.271991911021235,일반,47.67864352038757,134795.40547503877,0.16403631671017938,188616.7137666532,0.6288144539434647,🔥 강력
281740,레이크머티리얼즈,KOSDAQ,1313296349040,1255652,317.0,,138725778383.0,36275419374.0,22166082728.0,21020540344.0,351334173536.0,127529963803.0,113875215680.0,351334173536.0,131371346090.0,2024.0,CFS,소재/철강,19260.0,60.75709779179811,일반,60.75709779179811,10801.350742059478,-0.43918220446212475,19260.0,0.0,— 고평가
183300,코미코,KOSDAQ GLOBAL,1258420285200,997812,5402.0,5402.0,,234809809531.0,112461653836.0,87845843289.0,800342522976.0,319319304670.0,276059405083.0,800342522976.0,375718062479.0,2024.0,CFS,IT/전자,115000.0,21.288411699370602,일반,47.67864352038757,184065.9202164205,0.6005732192732216,257560.03229713364,1.239652454757684,🔥 강력
166090,하나머티리얼즈,KOSDAQ GLOBAL,1226215788000,660750,1627.0,1617.0,251646191336.0,74430632865.0,43411736320.0,31756594796.0,573884327709.0,137267888958.0,121039753948.0,573884327709.0,353781902893.0,2024.0,CFS,IT/전자,59300.0,36.44744929317763,일반,47.67864352038757,55437.84749946615,-0.06512904722654043,77573.15300767057,0.30814760552564197,⚠️ 주의
253450,스튜디오드래곤,KOSDAQ GLOBAL,1200836995100,1168684,1114.0,1114.0,550080744350.0,67972349289.0,36393818100.0,33488155067.0,925506475223.0,393799198479.0,169437693840.0,185882470870.0,739624004353.0,2024.0,CFS,엔터/미디어,37700.0,33.84201077199282,일반,27.697013518832733,37958.05907461911,0.006845068292284039,30854.473059979664,-0.18157896392626885,⚠️ 주의
