Code,Name,Market,Marcap,corp_code,EPS,EPS_diluted,revenue,gross_profit,op_income,net_income,total_assets,current_assets,current_liab,total_liab,equity,data_year,fs_div
005930,삼성전자,KOSPI,1180375801646800,00126380,4950.0,4950.0,300870903000000.0,114308635000000.0,32725961000000.0,34451351000000.0,514531948000000.0,227062266000000.0,93326299000000.0,112339878000000.0,402192070000000.0,2024,CFS
000660,SK하이닉스,KOSPI,717691281555000,00164779,28732.0,28419.0,66192960000000.0,31828146000000.0,23467319000000.0,19796902000000.0,119855209000000.0,42278887000000.0,24965444000000.0,45939505000000.0,73915704000000.0,2024,CFS
005380,현대차,KOSPI,105859765022000,00164742,47369.0,47369.0,175231153000000.0,35749207000000.0,14239592000000.0,13229908000000.0,339798429000000.0,115764287000000.0,79509643000000.0,219522496000000.0,120275933000000.0,2024,CFS
373220,LG에너지솔루션,KOSPI,87867000000000,01515323,,,25619585000000.0,3405980000000.0,575387000000.0,338602000000.0,60306791000000.0,15327395000000.0,12054922000000.0,29340248000000.0,30966543000000.0,2024,CFS
402340,SK스퀘어,KOSPI,80308965920000,01596425,27772.0,27716.0,1906611000000.0,,3912583000000.0,3650515000000.0,21921051000000.0,2702773000000.0,1396345000000.0,21921051000000.0,19585415000000.0,2024,CFS
207940,삼성바이오로직스,KOSPI,74111812551000,00877059,15221.0,15221.0,4547322176421.0,2290844589981.0,1320052380133.0,1083315885986.0,17336296349511.0,5518117814577.0,3853188425809.0,6431620287493.0,10904676062018.0,2024,CFS
034020,두산에너빌리티,KOSPI,70205501601600,00159616,174.0,174.0,16233055000000.0,2729719000000.0,1017600000000.0,394689000000.0,26314835000000.0,10049022000000.0,8945820000000.0,14653743000000.0,11661092000000.0,2024,CFS
012450,한화에어로스페이스,KOSPI,68063689320000,00126566,45935.0,45935.0,,2869853204579.0,1731878825342.0,2539873460538.0,,22867968340831.0,25516144577239.0,,,2024,CFS
000270,기아,KOSPI,65784590163000,00106641,24893.0,,107448752000000.0,24770771000000.0,12667139000000.0,9775005000000.0,92755874000000.0,41797457000000.0,26977376000000.0,36915565000000.0,55840309000000.0,2024,CFS
329180,HD현대중공업,KOSPI,58673324775000,01390344,7001.0,,14486453544000.0,1493930874000.0,705223483000.0,621509420000.0,19390946750000.0,10403121877000.0,11796215796000.0,13686498249000.0,5704448501000.0,2024,CFS
105560,KB금융,KOSPI,57866390616000,00688996,12880.0,12726.0,,,10089547000000.0,5028606000000.0,757845532000000.0,,,698030351000000.0,59815181000000.0,2024,CFS
028260,삼성물산,KOSPI,50568021840000,00149655,,,,7107601726437.0,2983396694918.0,2772012091811.0,61990426835548.0,20180976210724.0,14747260718483.0,24731886937019.0,37258539898529.0,2024,CFS
068270,셀트리온,KOSPI,46671748722000,00413046,2048.0,2045.0,,1681713270596.0,492015534847.0,418883310404.0,21055222437706.0,5584129149603.0,3187120605915.0,3475160069015.0,17580062368691.0,2024,CFS
055550,신한지주,KOSPI,46468661941900,00382199,8441.0,8441.0,,,6458670000000.0,4558170000000.0,739764256000000.0,,,739764256000000.0,,2024,CFS
032830,삼성생명,KOSPI,46300000000000,00126256,11732.0,11732.0,,,153416000000.0,2260255000000.0,312218844000000.0,,,312218844000000.0,32737931000000.0,2024,CFS
042660,한화오션,KOSPI,39557969165400,00111704,,,10776004933627.0,683926233726.0,237876379317.0,528212898147.0,17843809161295.0,11246034307660.0,10346614469478.0,12980459270570.0,4863349890725.0,2024,CFS
006800,미래에셋증권,KOSPI,37594920821600,00111722,,,,,1188076348199.0,925470295452.0,137176998056307.0,,,124913289504539.0,12263708551768.0,2024,CFS
012330,현대모비스,KOSPI,36338399491500,00164788,44939.0,,57236995000000.0,8062628000000.0,3073456000000.0,4060161000000.0,66596905000000.0,28424073000000.0,12745182000000.0,66596905000000.0,46118232000000.0,2024,CFS
035420,NAVER,KOSPI,34742859317000,00266961,,,,,1979263438827.0,1931976372953.0,38167876036020.0,9374912034828.0,6092160669672.0,38167876036020.0,27000911848337.0,2024,CFS
009150,삼성전기,KOSPI,34695221792000,00126371,8988.0,8988.0,10294102976435.0,1959222801014.0,735005856995.0,703215637082.0,12792402920884.0,5891746488305.0,3056860858021.0,3776548889114.0,9015854031770.0,2024,CFS
267260,HD현대일렉트릭,KOSPI,34569202465000,01205851,13935.0,,3322349007529.0,1044565282142.0,668970713547.0,498409535389.0,3795545096460.0,2763740978393.0,2001078594202.0,3795545096460.0,1507517124598.0,2024,CFS
010130,고려아연,KOSPI,33125401803000,00102858,9488.0,,12052918410249.0,1140795311524.0,723472208523.0,194781564506.0,14792322181548.0,7567074179254.0,6366334342627.0,14792322181548.0,7595427776993.0,2024,CFS
006400,삼성SDI,KOSPI,32274504765000,00126362,8188.0,9011.0,16592248884388.0,3093563995780.0,363304463263.0,575512415979.0,40597344536357.0,10334312926481.0,10855694147360.0,19030107423830.0,21567237112527.0,2024,CFS
015760,한국전력,KOSPI,31552534384550,00159193,5439.0,5439.0,93398896000000.0,11434736000000.0,8364710000000.0,3621968000000.0,246807795000000.0,29255205000000.0,63968789000000.0,246807795000000.0,41362833000000.0,2024,CFS
086790,하나금융지주,KOSPI,31506482144800,00547583,12629.0,12629.0,,,11212804000000.0,3768529000000.0,637847513000000.0,43676000000.0,,594270586000000.0,43576927000000.0,2024,CFS
042700,한미반도체,KOSPI,29499125900000,00161383,1589.0,1584.0,558917191547.0,314522196913.0,255391604854.0,152614498001.0,710872366678.0,407791209288.0,160040613379.0,710872366678.0,540887863389.0,2024,CFS
009540,HD한국조선해양,KOSPI,28627725422000,00164830,16578.0,,25538577356000.0,2595367428000.0,1434090492000.0,1454580111000.0,36719137422000.0,20431356435000.0,19325058391000.0,22563324218000.0,14155813204000.0,2024,CFS
005490,POSCO홀딩스,KOSPI,27800469012000,00155319,,,72688143160111.0,5412939335296.0,2173573272904.0,947580322052.0,103404198997805.0,44029923444233.0,22779718796788.0,41953831078121.0,61450367919684.0,2024,CFS
010120,LS ELECTRIC,KOSPI,26580000000000,00105855,8078.0,8078.0,,907590799908.0,389717122317.0,242237998768.0,4485197464384.0,3052191652183.0,1846349798510.0,2595105380936.0,1890092083448.0,2024,CFS
034730,SK,KOSPI,26100973080000,00181712,-23455.0,-23525.0,124690439000000.0,10691527000000.0,2355290000000.0,,214977754000000.0,67462864000000.0,71532821000000.0,134690218000000.0,80287536000000.0,2024,CFS
272210,한화시스템,KOSPI,25693036904000,00339391,2591.0,2589.0,2803686058274.0,415792516415.0,219345297682.0,445378843124.0,5724010115718.0,2286147317733.0,2677051475212.0,5724010115718.0,2416416895456.0,2024,CFS
298040,효성중공업,KOSPI,25502638780000,01316245,23909.0,,4894979612220.0,791772345743.0,362479487133.0,222929444192.0,6218812921202.0,3036422654447.0,3092775159627.0,4163194426688.0,2055618494514.0,2024,CFS
010140,삼성중공업,KOSPI,25124000000000,00126478,,,9903077919464.0,920562045854.0,502698683088.0,53877228765.0,17194637128138.0,9369985101261.0,12029241642640.0,17194637128138.0,3749451105353.0,2024,CFS
316140,우리금융지주,KOSPI,24885187248000,01350869,,3950.0,,,4255190000000.0,3171469000000.0,525753320000000.0,,,525753320000000.0,35895269000000.0,2024,CFS
035720,카카오,KOSPI,22138321400000,00258801,126.0,92.0,,,460212161525.0,-161870567171.0,25773028304462.0,10958808525169.0,8632656976873.0,25773028304462.0,13942894159737.0,2024,CFS
051910,LG화학,KOSPI,21883626330000,00356361,-8826.0,-8826.0,,7536390000000.0,916798000000.0,515011000000.0,,27815627000000.0,21085717000000.0,,47995463000000.0,2024,CFS
000810,삼성화재,KOSPI,21832293047500,00139214,48779.0,48779.0,,,48779.0,2076797712983.0,87269492540789.0,,,87269492540789.0,15602214746140.0,2024,CFS
267250,HD현대,KOSPI,20972664067500,01205709,7203.0,,67765626088000.0,6426904974000.0,2983162778000.0,1930179481000.0,73866670219000.0,35592849734000.0,32333112202000.0,73866670219000.0,26385102145000.0,2024,CFS
011200,HMM,KOSPI,20043806862500,00164645,4999.0,3690.0,11700224000000.0,3963464000000.0,3512847000000.0,3782129000000.0,33848562000000.0,17996844000000.0,2357189000000.0,5993018000000.0,27855544000000.0,2024,CFS
064350,현대로템,KOSPI,19656526969300,00302926,3728.0,,4376597857000.0,829047638000.0,,405259414000.0,5285394740000.0,3686316730000.0,3019853718000.0,3276309551000.0,2009085189000.0,2024,CFS
096770,SK이노베이션,KOSPI,19255112553200,00631518,-21541.0,-21541.0,74716970174000.0,4039022327000.0,315488338000.0,-2372482956000.0,110530097549000.0,36318431920000.0,37725576071000.0,70881188555000.0,39648908994000.0,2024,CFS
024110,기업은행,KOSPI,19217963442900,00149646,3106.0,3106.0,,,7474961000000.0,2654338000000.0,472219838000000.0,,,437988747000000.0,34231091000000.0,2024,CFS
000150,두산,KOSPI,19205888310000,00117212,-12665.0,-12665.0,,2962142000000.0,1003759000000.0,302227000000.0,30143063000000.0,11912646000000.0,11024159000000.0,30143063000000.0,11889482000000.0,2024,CFS
066570,LG전자,KOSPI,19204305027300,00401731,,,87728182000000.0,21379234000000.0,3419675000000.0,591365000000.0,65629589000000.0,33923517000000.0,27307439000000.0,40417925000000.0,25211664000000.0,2024,CFS
138040,메리츠금융지주,KOSPI,18607040157300,00860332,12259.0,12238.0,,,2333433638351.0,2333433638351.0,115578247112858.0,1350716000.0,,115578247112858.0,10930036028008.0,2024,CFS
000720,현대건설,KOSPI,18262345460000,00164478,-1501.0,,32670268000000.0,-216933000000.0,-1263420000000.0,-766221000000.0,27005385000000.0,21100663000000.0,14663775000000.0,27005385000000.0,9669413000000.0,2024,CFS
047810,한국항공우주,KOSPI,18101127369900,00309503,1765.0,1765.0,3633742105840.0,481490443379.0,240718310400.0,170895410977.0,8025538409393.0,5439008063568.0,4914742846130.0,8025538409393.0,1727176882121.0,2024,CFS
033780,KT&G,KOSPI,18061571587500,00244455,11383.0,11383.0,,2902024000000.0,1188814000000.0,1164999000000.0,13925237000000.0,7176310000000.0,3142888000000.0,4566772000000.0,9358465000000.0,2024,CFS
003670,포스코퓨처엠,KOSPI,17718087024000,00155276,-2752.0,-2752.0,3699944235821.0,235943884898.0,721245866.0,-231338259262.0,7932459834018.0,2112748442946.0,1570069945473.0,7932459834018.0,3320505865578.0,2024,CFS
086280,현대글로비스,KOSPI,17287500000000,00360595,,14585.0,28407374301315.0,2450195481488.0,1752867442226.0,1099486986046.0,16849145438725.0,9861432178173.0,5310609012498.0,16849145438725.0,8809364261941.0,2024,CFS
017670,SK텔레콤,KOSPI,16925456176400,00159023,,,17940609000000.0,,1823409000000.0,1387095000000.0,30515255000000.0,7476682000000.0,9224278000000.0,18687621000000.0,11827634000000.0,2024,CFS
030200,KT,KOSPI,15297716279500,00190321,1908.0,1906.0,,,809471000000.0,417094000000.0,41879957000000.0,14251937000000.0,13874734000000.0,23883408000000.0,17996549000000.0,2024,CFS
352820,하이브,KOSPI,14815339024000,01204056,,,2255648536000.0,959808137000.0,184045287000.0,-3431847000.0,5479186860000.0,1787698519000.0,830931772000.0,1965408202000.0,,2024,CFS
003550,LG,KOSPI,14728161367500,00120021,,,,1428702000000.0,966842000000.0,790478000000.0,31639273000000.0,5064132000000.0,2244807000000.0,3506640000000.0,28132633000000.0,2024,CFS
079550,LIG넥스원,KOSPI,14542000000000,00503668,10173.0,,3276339508425.0,452627287247.0,229779392271.0,216648719554.0,6125264653217.0,3894568274428.0,4616518043951.0,6125264653217.0,1237435235062.0,2024,CFS
0126Z0,삼성에피스홀딩스,KOSPI,13735443048000,01965324,,,,,,,,,,,,,
047050,포스코인터내셔널,KOSPI,13546054676000,00124504,3019.0,3019.0,32340793124000.0,1895983188000.0,1116921237000.0,503409725000.0,,8268175054000.0,6659697291000.0,,7349462921000.0,2024,CFS
278470,에이피알,KOSPI,13459016722500,01190568,2875.0,2819.0,722753862301.0,543599699569.0,122705544449.0,107590435967.0,565143563187.0,286027445388.0,145136758580.0,241619489197.0,323524073990.0,2024,CFS
071050,한국금융지주,KOSPI,13067745124000,00432102,,,,,1199724124887.0,1045868641939.0,109220199166181.0,,,99485650231644.0,9734548934537.0,2024,CFS
005830,DB손해보험,KOSPI,12953992800000,00159102,30838.0,,,,2424925603957.0,1853216681744.0,66506135383633.0,,,66506135383633.0,9391221934664.0,2024,CFS
005940,NH투자증권,KOSPI,12685859536400,00120182,,,,,901069000000.0,686638000000.0,62427065000000.0,,,62427065000000.0,8119369000000.0,2024,CFS
010950,S-Oil,KOSPI,12586756145600,00138279,-1659.0,-1659.0,36637031000000.0,1225859000000.0,422177000000.0,-193042000000.0,24451433000000.0,10048039000000.0,11656683000000.0,15755786000000.0,8695647000000.0,2024,CFS
018260,삼성에스디에스,KOSPI,12581630280000,00126186,9787.0,9787.0,13828232033800.0,2012332154316.0,911096907001.0,789501325293.0,13238330251696.0,9003786950710.0,2495408581399.0,3532880772221.0,9705449479475.0,2024,CFS
039490,키움증권,KOSPI,12485143693500,00296290,29370.0,29370.0,,,,,,23283474367.0,,,,2024,CFS
323410,카카오뱅크,KOSPI,11973802818700,01133217,924.0,923.0,,,606880000000.0,440065000000.0,62805282000000.0,,,56265151000000.0,6540131000000.0,2024,OFS
307950,현대오토에버,KOSPI,11806024251000,00362441,,,3713617277000.0,394510685000.0,224434118000.0,175182500000.0,,2215496769000.0,1242253167000.0,,,2024,CFS
259960,크래프톤,KOSPI,11163781180500,00760971,28593.0,28384.0,,,1182487684188.0,1302592653712.0,7919463568015.0,5004427032417.0,784829947760.0,1090331965788.0,6829131602227.0,2024,CFS
003490,대한항공,KOSPI,9702614417350,00113526,3566.0,3566.0,,3758168388895.0,2110200077994.0,1381858075058.0,47012065940089.0,11616873056353.0,16973485891743.0,47012065940089.0,10963191867177.0,2024,CFS
006260,LS,KOSPI,9469200000000,00105952,8677.0,8677.0,,2661201000000.0,1072943000000.0,391515000000.0,20527939000000.0,12938266000000.0,10546216000000.0,20527939000000.0,6881153000000.0,2024,CFS
007660,이수페타시스,KOSPI,9308288969200,00107613,1171.0,,836866961285.0,156600343429.0,101878836049.0,74034111779.0,790136366426.0,522697354400.0,377363096552.0,790136366426.0,327526708412.0,2024,CFS
016360,삼성증권,KOSPI,9135390000000,00104856,,,,,1205750469446.0,899037889864.0,62273916116630.0,,,62273916116630.0,7324213114450.0,2024,CFS
000880,한화,KOSPI,9047519314500,00160588,,,55646829000000.0,6923121000000.0,2416109000000.0,1690434000000.0,252036985000000.0,83191377000000.0,58787318000000.0,252036985000000.0,39561774000000.0,2024,CFS
009830,한화솔루션,KOSPI,8886844111200,00162461,-6613.0,-6613.0,12394023649010.0,1385855326596.0,-300237959946.0,,30036831374114.0,10882665025254.0,11707552341331.0,19429975219652.0,10606856154462.0,2024,CFS
377300,카카오페이,KOSPI,8694919017800,01244601,,,,,,,4414712217433.0,3907691508569.0,2380941810289.0,4414712217433.0,1910808471743.0,2024,CFS
180640,한진칼,KOSPI,8679096270000,00983040,7459.0,,,116726983000.0,49192742000.0,512176366000.0,4207157981000.0,539972243000.0,672904948000.0,4207157981000.0,3313160945000.0,2024,CFS
003230,삼양식품,KOSPI,8670500265000,00126955,36468.0,36468.0,1728015003746.0,723217308822.0,344569150443.0,271255665463.0,1594782196967.0,676663603748.0,492425282678.0,1594782196967.0,828033342607.0,2024,CFS
090430,아모레퍼시픽,KOSPI,8235780467200,00583424,8606.0,8606.0,3885110699186.0,2746732498324.0,220481343913.0,601641373835.0,6783507800768.0,1734808826757.0,1095705144331.0,1457499911662.0,5326007889106.0,2024,CFS
443060,HD현대마린솔루션,KOSPI,8190684904500,01194689,5304.0,5275.0,1745458578779.0,362176072235.0,271729951500.0,227940276635.0,1152227968481.0,1075525917500.0,342617751499.0,1152227968481.0,773534561558.0,2024,CFS
000100,유한양행,KOSPI,7988654380300,00145109,943.0,943.0,2067791451854.0,689386389746.0,54880319609.0,55163455235.0,2942048836634.0,1360261256866.0,619136487792.0,791378826075.0,2150670010559.0,2024,CFS
047040,대우건설,KOSPI,7942548612180,00124540,570.0,569.0,10503609086034.0,927546410982.0,403125613881.0,242849735359.0,12658456266814.0,9588714887380.0,4543987487164.0,8324364439243.0,4334091827571.0,2024,CFS
326030,SK바이오팜,KOSPI,7721686450000,00878696,3074.0,3074.0,547596283214.0,504495368894.0,96339659521.0,226973435375.0,1036810779623.0,651371301562.0,396276252761.0,462826530311.0,573984249312.0,2024,CFS
128940,한미약품,KOSPI,7174154960000,00828497,9567.0,9567.0,1495501575568.0,817036996044.0,216186188006.0,140431062099.0,2020840493653.0,746306484262.0,682758544357.0,780088902015.0,1240751591638.0,2024,CFS
161390,한국타이어앤테크놀로지,KOSPI,7110428960600,00937324,,,9411947926996.0,3468010155606.0,1762260288101.0,1131097818215.0,15849744509888.0,7274793716706.0,3687123538870.0,15849744509888.0,11194852809819.0,2024,CFS
011070,LG이노텍,KOSPI,7005463672000,00105961,18985.0,18985.0,21200755000000.0,1743671000000.0,706043000000.0,0.0,11378212000000.0,5853122000000.0,3954861000000.0,6024347000000.0,5353865000000.0,2024,CFS
028050,삼성E&A,KOSPI,6918800000000,00126308,3862.0,,9966551344477.0,1509174642168.0,971611686017.0,638672451980.0,10013337796132.0,7941890024257.0,5871110579495.0,10013337796132.0,3895741786193.0,2024,CFS
029780,삼성카드,KOSPI,6916775792700,00126292,6228.0,6228.0,,,885421436897.0,664593152937.0,29494082851904.0,,,29494082851904.0,8486180934765.0,2024,CFS
032640,LG유플러스,KOSPI,6799884576100,00231363,871.0,871.0,,,863130000000.0,314602000000.0,19707730000000.0,5263896000000.0,5116288000000.0,10939351000000.0,8768379000000.0,2024,CFS
052690,한전기술,KOSPI,6707610000000,00159209,1538.0,1538.0,,167195010838.0,54806059056.0,58512128400.0,946846882988.0,575753925755.0,361039308185.0,946846882988.0,577473652879.0,2024,CFS
064400,LG씨엔에스,KOSPI,6549490084800,00139834,,,,931241099000.0,512864077000.0,364914430000.0,4504507763000.0,3435316290000.0,1852324271000.0,2381697364000.0,2122810399000.0,2024,CFS
078930,GS,KOSPI,6411161082000,00500254,5988.0,,25297467000000.0,6191104000000.0,3060163000000.0,863517000000.0,35063398000000.0,5706980000000.0,6060442000000.0,35063398000000.0,18470356000000.0,2024,CFS
267270,HD건설기계,KOSPI,6380557694000,01205842,5595.0,,3438062302000.0,650824965000.0,190421614000.0,85966730000.0,3324625332000.0,2112846135000.0,1063541773000.0,3324625332000.0,1793830435000.0,2024,CFS
241560,두산밥캣,KOSPI,6048517701500,01032486,,,6269305000.0,1459816000.0,638867000.0,413029000.0,8169804000.0,3052266000.0,1678066000.0,3479665000.0,4690139000.0,2024,CFS
001040,CJ,KOSPI,6039638586000,00148540,2993.0,2993.0,43646656090000.0,12623822787000.0,2547483645000.0,151195776000.0,47496993224000.0,13697532273000.0,16904989037000.0,29750607288000.0,17746385936000.0,2024,CFS
034220,LG디스플레이,KOSPI,6015000000000,00105873,-5438.0,-5438.0,,2575419000000.0,,,32859566000000.0,10123037000000.0,15859084000000.0,32859566000000.0,8072807000000.0,2024,CFS
138930,BNK금융지주,KOSPI,5849664572050,00858364,2174.0,2174.0,,,875919821432.0,749976302023.0,152470490926534.0,,,152470490926534.0,11147574546601.0,2024,CFS
175330,JB금융지주,KOSPI,5826448424800,00980122,3439.0,3439.0,,,906079000000.0,692991000000.0,66721914000000.0,,,66721914000000.0,5724805000000.0,2024,CFS
454910,두산로보틱스,KOSPI,5788424214000,01105153,,,46829943837.0,9530330156.0,,,421690971946.0,342028598622.0,15446451719.0,421690971946.0,402501180228.0,2024,CFS
001440,대한전선,KOSPI,5723932110000,00113207,409.0,409.0,3291299375000.0,263386194000.0,115169757000.0,74190402000.0,2642726208000.0,1775776357000.0,920138410000.0,2642726208000.0,1496112472000.0,2024,CFS
088980,맥쿼리인프라,KOSPI,5512392139430,00435297,,,,,,,,,,,,,
271560,오리온,KOSPI,5448078989600,01238169,13271.0,13271.0,3104338576129.0,1196174532214.0,543587778241.0,533229552422.0,4308449797008.0,1647381241517.0,537615043736.0,4308449797008.0,3574045867619.0,2024,CFS
021240,코웨이,KOSPI,5265096494400,00170558,,,4310141694596.0,2783663729201.0,795373861343.0,565452186637.0,5761561091079.0,1771007871650.0,1877989167049.0,2565445323713.0,,2024,CFS
004020,현대제철,KOSPI,4997544648250,00145880,,,23226141091217.0,1393959296072.0,159492008580.0,,34743788025637.0,11459924503844.0,7699051534479.0,15410222889378.0,19333565136259.0,2024,CFS
022100,포스코DX,KOSPI,4925925219600,00155212,580.0,580.0,1473290670631.0,187522952033.0,108991969223.0,88599060003.0,892453016139.0,676687634640.0,355027712350.0,892453016139.0,525897500876.0,2024,CFS
036570,엔씨소프트,KOSPI,4912037016000,00261443,,,,,-109215374026.0,94115833907.0,3953941191414.0,1788536858276.0,322187630188.0,3953941191414.0,3063588634574.0,2024,CFS
062040,산일전기,KOSPI,4862795840000,00366438,3136.0,3061.0,333996550771.0,143563093705.0,109231906505.0,,492674198507.0,305188896644.0,52564399265.0,492674198507.0,434241887238.0,2024,OFS
002380,KCC,KOSPI,4852013166000,00105271,,,6658762417820.0,1630720958876.0,471118235184.0,293294512467.0,13108550142754.0,3994488398577.0,3230859313899.0,8069234736205.0,5039315406549.0,2024,CFS
088350,한화생명,KOSPI,4542411900000,00113058,936.0,936.0,,,1096965243506.0,866000982115.0,160146430758072.0,,,145868430021357.0,14278000736715.0,2024,CFS
066970,엘앤에프,KOSPI,4520069520200,00398701,-11266.0,-12595.0,1907478512809.0,-463475192763.0,-558685355192.0,-380729239417.0,2799831517733.0,1089837750806.0,1552202559623.0,2799831517733.0,,2024,CFS
489790,한화비전,KOSPI,4412685286000,01867758,,,,253113556489.0,-120362075.0,3210792631.0,1591146181854.0,996234441988.0,530103580800.0,766419408117.0,824726773737.0,2024,CFS
450080,에코프로머티,KOSPI,4409922125000,01311408,,,299846484651.0,-31123173763.0,-64719926202.0,-42686351369.0,1290236698738.0,426945927746.0,428984528487.0,1290236698738.0,,2024,OFS
251270,넷마블,KOSPI,4286527403300,00904672,313.0,308.0,,,215627215188.0,3216188118.0,8177066253496.0,1114816595237.0,1348239156045.0,8177066253496.0,5473860209795.0,2024,CFS
018880,한온시스템,KOSPI,4248726965280,00161125,-659.0,-659.0,9998723268169.0,812183664052.0,95537353794.0,-358595798106.0,10620252377496.0,4439022125072.0,5033806802743.0,10620252377496.0,2998738468366.0,2024,CFS
082740,한화엔진,KOSPI,4093082315100,00361008,968.0,968.0,,116340351068.0,71531721192.0,79159548487.0,1413101954226.0,785001242520.0,586563184908.0,1019806164340.0,393295789886.0,2024,OFS
353200,대덕전자,KOSPI,4091721390000,01478712,466.0,466.0,892135903752.0,61547000833.0,11259489061.0,23762727122.0,1088723750887.0,465866345845.0,159688137695.0,1088723750887.0,875513939249.0,2024,CFS
103590,일진전기,KOSPI,3938813214000,00683469,983.0,982.0,1577247371000.0,155643123000.0,79742010000.0,0.0,1249038272000.0,702238015000.0,606533501000.0,1249038272000.0,500309704000.0,2024,CFS
051900,LG생활건강,KOSPI,3909778274500,00356370,11281.0,11281.0,6811918756741.0,3560832396845.0,459045912180.0,203887730139.0,,2856048500735.0,1295900316472.0,,,2024,CFS
035250,강원랜드,KOSPI,3891577695000,00255619,,,1000300815704.0,418885150305.0,285790454716.0,456893167585.0,4700641154570.0,1213770948090.0,749911256800.0,4700641154570.0,3883662813757.0,2024,CFS
031210,서울보증보험,KOSPI,3889063008600,00112998,,,,,,,,,,,,,
000990,DB하이텍,KOSPI,3832754202800,00160843,5520.0,5520.0,1131167709804.0,386836726833.0,190838683363.0,229385888355.0,2396851168578.0,1194370198832.0,316866668877.0,2396851168578.0,2000688804317.0,2024,CFS
010060,OCI홀딩스,KOSPI,3790057096000,00148896,5077.0,5077.0,3577383349000.0,461046358000.0,101527729000.0,113723638000.0,8093654722000.0,4763348250000.0,1901359096000.0,3258113380000.0,4835541342000.0,2024,CFS
011790,SKC,KOSPI,3764108821200,00139889,-16663.0,-16663.0,1721564345604.0,-24933880085.0,123165366343.0,-578220907942.0,,1520451642691.0,2211034562287.0,,,2024,CFS
111770,영원무역,KOSPI,3731025605600,00776820,,,3517837283293.0,896349548644.0,315580583310.0,294535556555.0,5389722907461.0,3429710995583.0,727832706578.0,5389722907461.0,3895653089851.0,2024,CFS
012510,더존비즈온,KOSPI,3626102026000,00172291,2170.0,2170.0,402332391243.0,183993970188.0,88064046059.0,78026871531.0,1037613249183.0,215914131430.0,204315065486.0,482789066484.0,554824182699.0,2024,CFS
011170,롯데케미칼,KOSPI,3601690279800,00165413,,,,329850760006.0,,,34552330375053.0,8983401895060.0,8502342739017.0,14564385612175.0,19987944762878.0,2024,CFS
439260,대한조선,KOSPI,3513599654400,00182696,,,,,,,,,,,,,
036460,한국가스공사,KOSPI,3480200100000,00261285,13174.0,12422.0,84454000000.0,3412673000000.0,3003363000000.0,1148985000000.0,57669637000000.0,16968511000000.0,21266507000000.0,57669637000000.0,10826356000000.0,2024,CFS
017800,현대엘리베이터,KOSPI,3471403788000,00164724,,,2885296849309.0,587265391375.0,225738463277.0,193928194856.0,3573751146561.0,1536223960141.0,1638004530402.0,3573751146561.0,1342280676829.0,2024,CFS
001720,신영증권,KOSPI,3435960000000,00136721,,17868.0,,,170377256793.0,149387962241.0,10609935089040.0,,,8921462823065.0,1688472265975.0,2024,CFS
011780,금호석유화학,KOSPI,3433586769800,00106368,13423.0,,7155003786012.0,585555234194.0,272804307588.0,348602013402.0,8340238952259.0,2710939308766.0,1534476881893.0,2298015880753.0,6042223071506.0,2024,CFS
004990,롯데지주,KOSPI,3399059278800,00120562,-14389.0,-14389.0,,4579230056405.0,340468760521.0,-946077909988.0,22660277693897.0,5016589922670.0,6577895941552.0,22660277693897.0,9199764345455.0,2024,CFS
012750,에스원,KOSPI,3378126924200,00158501,,,2804739466536.0,639850827633.0,209247073877.0,176718837100.0,2322698505650.0,1221725877876.0,496652905477.0,662027523939.0,1660670981711.0,2024,CFS
302440,SK바이오사이언스,KOSPI,3360926937850,01319899,-698.0,-698.0,267545049154.0,30975675732.0,-138431298006.0,-50117070464.0,2843596036892.0,1576672643818.0,310589417433.0,2843596036892.0,2022452177574.0,2024,CFS
014680,한솔케미칼,KOSPI,3342837330000,00140955,10980.0,10912.0,776356975793.0,204763800102.0,128825376120.0,124893890949.0,1464678817159.0,348048080154.0,272370414176.0,1464678817159.0,1071443703044.0,2024,CFS
004170,신세계,KOSPI,3317942264000,00136378,11776.0,11776.0,6570412728809.0,4052715965832.0,477024306786.0,186608863964.0,15071774121951.0,2342662811362.0,4947367431132.0,15071774121951.0,6374698444225.0,2024,CFS
023530,롯데쇼핑,KOSPI,3210773692500,00120526,-34674.0,-34674.0,,6735222104994.0,473113964780.0,-994075271502.0,39003044584713.0,5516937795010.0,9836042195532.0,21969427278570.0,17033617306143.0,2024,CFS
097950,CJ제일제당,KOSPI,3191487432000,00635134,9294.0,9294.0,29359081823000.0,6491694900000.0,1553017638000.0,361835555000.0,30149997467000.0,8546271600000.0,9956782579000.0,17907211781000.0,12242785686000.0,2024,CFS
009970,영원무역홀딩스,KOSPI,3064326799000,00140964,,,4306038171138.0,1607619579806.0,517045450910.0,495633035941.0,6576715632460.0,4372107678298.0,828777285830.0,6576715632460.0,4987109262473.0,2024,CFS
085620,미래에셋생명,KOSPI,3046448612690,00112332,1043.0,1043.0,,,122130494168.0,136114870311.0,32493623714996.0,,,32493623714996.0,2563654662740.0,2024,CFS
051600,한전KPS,KOSPI,3037500000000,00159218,3832.0,3832.0,1557085808533.0,295354975574.0,209498645768.0,172441205945.0,1690214811558.0,1051206546951.0,347424669408.0,1690214811558.0,1328473540425.0,2024,CFS
009420,한올바이오파마,KOSPI,2951596047000,00162586,-36.0,-36.0,138943698757.0,73306381983.0,230474890.0,-1804843479.0,212880605189.0,85353313757.0,34720482983.0,212880605189.0,168351403333.0,2024,CFS
005850,에스엘,KOSPI,2930901612000,00125521,7998.0,7998.0,4973273970111.0,688696386608.0,395164287548.0,381963573388.0,3698864220516.0,2346052089698.0,1142207374201.0,1301616145058.0,2397248075458.0,2024,CFS
028670,팬오션,KOSPI,2849255498960,00122737,502.0,502.0,5161218000000.0,582734000000.0,471180000000.0,268143000000.0,10271506000000.0,2021806000000.0,1276861000000.0,10271506000000.0,5653383000000.0,2024,CFS
001450,현대해상,KOSPI,2798220000000,00164973,10847.0,10847.0,,,-437998695525.0,850533055882.0,48523790593883.0,15599437173.0,,48523790593883.0,4743378657629.0,2024,CFS
112610,씨에스윈드,KOSPI,2787529738300,00670340,3434.0,3409.0,3072529196695.0,404441400056.0,255481950329.0,143668438531.0,3609483010970.0,1828066183450.0,1480639888675.0,3609483010970.0,1200264992078.0,2024,CFS
139480,이마트,KOSPI,2778898973300,00872984,-22240.0,-22240.0,29020896860848.0,9041139596537.0,47098144142.0,-573430173306.0,33930639265588.0,10429147031287.0,10804132770697.0,33930639265588.0,13184076424361.0,2024,CFS
139130,iM금융지주,KOSPI,2769167810920,00878915,1121.0,1121.0,,,263433380414.0,201560238160.0,94148635110781.0,,,87942881715123.0,6205753395658.0,2024,CFS
103140,풍산,KOSPI,2768798666400,00684714,,8642.0,4554411454633.0,615914730446.0,323768893078.0,236045982790.0,4096582596724.0,2561697235286.0,1358506297397.0,4096582596724.0,2199301948907.0,2024,CFS
457190,이수스페셜티케미컬,KOSPI,2755961126400,01762569,358.0,351.0,332069862904.0,46895678931.0,14206083843.0,10511891726.0,299546745134.0,140988568163.0,164100833549.0,299546745134.0,121654548291.0,2024,OFS
336260,두산퓨얼셀,KOSPI,2744187119400,01412725,-128.0,,,36161964547.0,-1729039707.0,-10474726734.0,1179654638065.0,660567068897.0,365954063568.0,1179654638065.0,498895839831.0,2024,CFS
071970,HD현대마린엔진,KOSPI,2727288198000,00406046,2464.0,2464.0,315793988713.0,69600469181.0,33193655658.0,75775091634.0,494962962578.0,293886545654.0,180908739583.0,185588379579.0,309374582999.0,2024,CFS
006360,GS건설,KOSPI,2721491382000,00120030,2893.0,2893.0,12863811468386.0,1114179838862.0,285954335787.0,263924031753.0,17803293924556.0,8666549605548.0,9031905115658.0,17803293924556.0,5087123959443.0,2024,CFS
279570,케이뱅크,KOSPI,2677587996600,01203312,341.0,,,,132967000000.0,128053000000.0,31183399000000.0,,,31183399000000.0,1995845000000.0,2024,OFS
008930,한미사이언스,KOSPI,2629655097500,00161426,878.0,878.0,,,98867912225.0,56693106363.0,1349078932369.0,327964548355.0,468827139886.0,1349078932369.0,838703712282.0,2024,CFS
026960,동서,KOSPI,2612140000000,00144395,1594.0,1594.0,488860392545.0,85503328555.0,44476967156.0,159046264652.0,1779146551075.0,899754296790.0,59271554235.0,1779146551075.0,1709476549885.0,2024,CFS
375500,DL이앤씨,KOSPI,2607950190200,01524093,,5463.0,8318442435057.0,845765168177.0,270944859542.0,229223745163.0,9712402219987.0,6005539219289.0,3854535631268.0,9712402219987.0,4845710111118.0,2024,CFS
000120,CJ대한통운,KOSPI,2596044747200,00113410,12088.0,,12116761147160.0,1386661508536.0,530663067133.0,268320297629.0,9743855522383.0,2783266786865.0,2996783656303.0,5518255667581.0,4225599854802.0,2024,CFS
017960,한국카본,KOSPI,2585040909600,00159795,413.0,413.0,741740847191.0,117582507015.0,45446301892.0,20321351760.0,878968656770.0,460860282424.0,369168308880.0,878968656770.0,474286350797.0,2024,CFS
000240,한국앤컴퍼니,KOSPI,2572745004000,00160047,,,1390995724547.0,531297667550.0,418268299588.0,350713050064.0,5136426181879.0,749903811373.0,484686609846.0,5136426181879.0,4452873418433.0,2024,CFS
097230,HJ중공업,KOSPI,2568902536800,00633835,,,1885962000000.0,106261000000.0,7252000000.0,5225000000.0,2204429000000.0,1073183000000.0,1555136000000.0,1861032000000.0,343397000000.0,2024,CFS
003690,코리안리,KOSPI,2565792978270,00113191,1556.0,1556.0,,,405432507241.0,316671748113.0,13160392022865.0,,,13160392022865.0,3452869465595.0,2024,CFS
204320,HL만도,KOSPI,2530988768000,01042775,2767.0,,8848181871751.0,1323249482554.0,358760766831.0,158249191839.0,7052043027166.0,3676853130994.0,2900489614702.0,4379288260980.0,2672754766186.0,2024,CFS
004800,효성,KOSPI,2516083172100,00117188,7510.0,,2272756398560.0,519612464605.0,221133379310.0,484258153404.0,4340864429768.0,1021710482736.0,1351828011529.0,4340864429768.0,2504438694987.0,2024,CFS
030000,제일기획,KOSPI,2450378092500,00148276,2049.0,2049.0,,,320720587990.0,208342984365.0,3306550192963.0,2723977664902.0,1564856744000.0,3306550192963.0,1474033393149.0,2024,CFS
005440,현대지에프홀딩스,KOSPI,2436784224630,00105280,4483.0,,7409277127000.0,2109219238000.0,198099994000.0,791959780000.0,,3874977499000.0,2024324094000.0,,,2024,CFS
018670,SK가스,KOSPI,2403763440000,00144164,19926.0,19841.0,7095902060317.0,607792768526.0,287176575159.0,177768044603.0,7539621970135.0,2608910830555.0,2021018622987.0,4801285742388.0,2738336227747.0,2024,CFS
383220,F&F,KOSPI,2401853602500,01568413,9504.0,,,1246992536124.0,450737459737.0,355959818501.0,2285904738684.0,636793849985.0,522109298846.0,2285904738684.0,1577298222080.0,2024,CFS
001430,세아베스틸지주,KOSPI,2374072277800,00106669,564.0,564.0,3636063257694.0,258024229486.0,52332166350.0,20273054942.0,3826646864046.0,1712680355639.0,1137233323820.0,1795239994311.0,2031406869735.0,2024,CFS
081660,미스토홀딩스,KOSPI,2365241472000,00195229,1417.0,1417.0,,2237830441572.0,360803535166.0,207722009422.0,5536390124625.0,2462449282236.0,1233701673828.0,2800091219487.0,5536390124625.0,2024,CFS
007340,DN오토모티브,KOSPI,2325806883750,00116949,6222.0,,3434542268000.0,896748518000.0,522916807000.0,318229010000.0,5006031529000.0,1964801236000.0,1334190771000.0,5006031529000.0,2170771614000.0,2024,CFS
004370,농심,KOSPI,2314445281000,00108241,27202.0,26747.0,3937893872782.0,965542188520.0,163073931930.0,157630314203.0,3597461570702.0,1743739590775.0,678174791731.0,924886441245.0,2672575129457.0,2024,CFS
011210,현대위아,KOSPI,2308862546700,00106623,,3657.0,8180886000000.0,537401000000.0,218810000000.0,129472000000.0,7075991000000.0,3966900000000.0,2400075000000.0,3049692000000.0,4026299000000.0,2024,CFS
023590,다우기술,KOSPI,2283710805300,00176914,8246.0,7756.0,11625798455732.0,1932353644384.0,1174681942719.0,852762689452.0,57147924043319.0,47687656704946.0,47941097923479.0,50855367307244.0,6292556736075.0,2024,CFS
192820,코스맥스,KOSPI,2225638714900,01009789,7562.0,,2166089636742.0,418207304227.0,175395279105.0,88417411666.0,1933713489313.0,940910911301.0,1114158039590.0,1424903002848.0,508810486465.0,2024,CFS
002790,아모레퍼시픽홀딩스,KOSPI,2156120676000,00154462,2786.0,2786.0,4259886701995.0,3059399831769.0,249277525878.0,652873028811.0,8540521424208.0,2583268440605.0,1138099827158.0,1548821316419.0,6991700107789.0,2024,CFS
282330,BGF리테일,KOSPI,2146661125200,01263022,,,8698757469111.0,1625715532598.0,251641247239.0,195217876198.0,3402590175982.0,1051821792855.0,1296161749989.0,3402590175982.0,1184132956540.0,2024,CFS
020150,롯데에너지머티리얼즈,KOSPI,2123419524650,00113997,,,902252020191.0,11459100127.0,-64444649841.0,28798407933.0,2282023058453.0,1031452427826.0,117640878983.0,2282023058453.0,1901956206905.0,2024,CFS
069960,현대백화점,KOSPI,2077325033400,00428251,,,4187614464000.0,2465413352000.0,284042489000.0,-753549000.0,11217721674000.0,3046190875000.0,3287978218000.0,11217721674000.0,6234443483000.0,2024,CFS
003540,대신증권,KOSPI,2048706690000,00110893,,,,,83593035000.0,144182139000.0,26396108665000.0,149250600000.0,15000000000.0,23080719628000.0,3315389037000.0,2024,CFS
475150,SK이터닉스,KOSPI,2021867115800,01817081,677.0,671.0,332151737229.0,56469483067.0,37637399717.0,22380995585.0,731694676657.0,255027256240.0,297066304665.0,731694676657.0,241972753239.0,2024,CFS
483650,달바글로벌,KOSPI,1969194468500,01649204,,,,234376520101.0,59844712688.0,15408977423.0,136108165193.0,128308613752.0,31320324507.0,136108165193.0,102069072470.0,2024,CFS
120110,코오롱인더,KOSPI,1929088279100,00795135,,,,1324063456242.0,158723468850.0,110628722171.0,7248051156066.0,2401813499302.0,2357087607958.0,3475049512534.0,3773001643532.0,2024,CFS
395400,SK리츠,KOSPI,1899421182200,01535150,,,,,35412431276.0,2335602882.0,4433542205994.0,100539707035.0,1161820069560.0,4433542205994.0,1264816356167.0,2024,CFS
000500,가온전선,KOSPI,1894186667500,00104768,3270.0,3270.0,1727103680000.0,116630037000.0,45011778000.0,25355195000.0,1042884426000.0,654804752000.0,518334366000.0,1042884426000.0,453705043000.0,2024,CFS
069620,대웅제약,KOSPI,1853852000000,00427483,,2150.0,1422683296380.0,734167552529.0,147942198476.0,23346508507.0,1976977110511.0,612792473976.0,629415583933.0,1976977110511.0,926984605142.0,2024,CFS
001120,LX인터내셔널,KOSPI,1827534000000,00120076,,4885.0,16637572685167.0,1507047159133.0,489185373375.0,269491720840.0,8930865616216.0,4576965059781.0,3397095815278.0,5611254021107.0,3319611595109.0,2024,CFS
361610,SK아이이테크놀로지,KOSPI,1815673620000,01386916,-3460.0,,217864619000.0,-161870127000.0,-290994179000.0,-246615236000.0,4150138152000.0,549927364000.0,927962757000.0,1825581137000.0,2324557015000.0,2024,CFS
161890,한국콜마,KOSPI,1810509405900,00939331,3830.0,3830.0,2452063980463.0,698925522349.0,193850424348.0,125324615188.0,3126693019808.0,858706005147.0,1215031627082.0,3126693019808.0,1505731966547.0,2024,CFS
006040,동원산업,KOSPI,1801237828800,00118026,,1900.0,8944231939726.0,1606160211577.0,501319940394.0,113563839180.0,,3167813675841.0,2420635326745.0,,,2024,CFS
073240,금호타이어,KOSPI,1792504190880,00481454,1131.0,1131.0,4532177923979.0,1382249445688.0,588591711860.0,351617959521.0,5362836776663.0,2335000622135.0,2258019237755.0,5362836776663.0,1904822013747.0,2024,CFS
462870,시프트업,KOSPI,1790174719000,01384787,2734.0,2659.0,,,152676273166.0,147973272692.0,803831909889.0,768171881980.0,28585967115.0,803831909889.0,764404135605.0,2024,OFS
008770,호텔신라,KOSPI,1746541384500,00165680,,,3947552203343.0,,,-61501483516.0,3813885971903.0,1410885750525.0,1149968381271.0,3813885971903.0,1284345073338.0,2024,CFS
006280,녹십자,KOSPI,1716752432200,00129679,-2303.0,-2303.0,1679891941477.0,481932280494.0,32107347889.0,,,1201833945085.0,769474794987.0,,,2024,CFS
007070,GS리테일,KOSPI,1709771636750,00140177,,,11626920274913.0,2886875817076.0,239104876913.0,9791708542.0,7581643378910.0,1481155501474.0,1898445971005.0,7581643378910.0,3181518137325.0,2024,CFS
032350,롯데관광개발,KOSPI,1703471543600,00231372,,,,,39006615340.0,,2166617248668.0,114360872494.0,609689104711.0,1853556860635.0,313060388033.0,2024,CFS
003530,한화투자증권,KOSPI,1699218378000,00148610,,,,,3966004857.0,,14018124416878.0,,,14018124416878.0,1706230048195.0,2024,CFS
000250,삼천당제약,KOSDAQ,21275927104000,00128546,-474.0,-474.0,210923804522.0,99662428667.0,2641971274.0,-5078046827.0,519772210839.0,242532347978.0,93420519276.0,519772210839.0,349404158895.0,2024,CFS
086520,에코프로,KOSDAQ GLOBAL,20488621336800,00536541,,,3127853158129.0,-77361210666.0,-293038698088.0,-295367033134.0,8138264562531.0,2654323460355.0,2184548910738.0,8138264562531.0,3838462173266.0,2024,CFS
196170,알테오젠,KOSDAQ GLOBAL,18924213500500,00989619,1172.0,1163.0,102854620800.0,64069078470.0,25403990856.0,60690355931.0,409011974213.0,211784660785.0,129185745943.0,409011974213.0,274091061091.0,2024,CFS
247540,에코프로비엠,KOSDAQ GLOBAL,18773660284600,01160363,,,2766837750152.0,94847187342.0,-34109364109.0,-58508991346.0,4323660098124.0,1377994380074.0,1297207589056.0,4323660098124.0,1977019769174.0,2024,CFS
277810,레인보우로보틱스,KOSDAQ,12784506422000,01261644,110.0,110.0,19346780087.0,6315432890.0,-2978979764.0,,139881005679.0,113965181694.0,5788485094.0,139881005679.0,132751303410.0,2024,CFS
298380,에이비엘바이오,KOSDAQ,10665611701500,01256864,,,,,-59377417080.0,-55529347885.0,231975702513.0,144151432332.0,63360812897.0,64695919270.0,167279783243.0,2024,CFS
058470,리노공업,KOSDAQ GLOBAL,8512863645000,00369657,7463.0,7463.0,278186189427.0,138166081317.0,124201343872.0,113279046428.0,657443780756.0,449498090730.0,30614692642.0,34814668593.0,622629112163.0,2024,OFS
950160,코오롱티슈진,KOSDAQ,8175772097000,01245062,,,3719583.0,435847.0,-16127329.0,-24779552.0,151216411.0,5044454.0,48374639.0,51962208.0,99254203.0,2024,OFS
087010,펩트론,KOSDAQ,8067803100000,00415868,-1061.0,,3152181439.0,1107398037.0,-16527819080.0,-22033671493.0,168892733798.0,126479180456.0,5097415494.0,168892733798.0,151708564960.0,2024,OFS
141080,리가켐바이오,KOSDAQ GLOBAL,7798001994000,00842619,227.0,224.0,,,-20913487724.0,7800099578.0,738382908190.0,550261759025.0,117182806549.0,738382908190.0,615998105853.0,2024,CFS
028300,HLB,KOSDAQ,6882174956800,00199252,-704.0,-704.0,68125727347.0,12054568579.0,-118516152929.0,-108026798560.0,887424813429.0,172281679541.0,160718376716.0,235310995214.0,652113818215.0,2024,CFS
240810,원익IPS,KOSDAQ GLOBAL,6135487625000,01135941,,,748176487524.0,292327284780.0,,,1124147065791.0,645135490548.0,228970241659.0,236686893210.0,887460172581.0,2024,CFS
214370,케어젠,KOSDAQ,6016080000000,00549891,658.0,658.0,82585947786.0,55317323136.0,34249787129.0,32313654383.0,240696868067.0,96406401615.0,8066161756.0,240696868067.0,222977779434.0,2024,CFS
310210,보로노이,KOSDAQ,5968697564500,01327746,-1860.0,-1860.0,,,-36339049690.0,-32613098090.0,73658644252.0,56455763879.0,6770470705.0,73658644252.0,66412537872.0,2024,CFS
039030,이오테크닉스,KOSDAQ GLOBAL,5291246725000,00246417,3870.0,3870.0,320945496298.0,89025389191.0,31201085341.0,42670270031.0,653015311226.0,445645616892.0,48106248426.0,653015311226.0,603031420844.0,2024,CFS
095340,ISC,KOSDAQ GLOBAL,5235673326000,00572905,2671.0,2622.0,174480093980.0,74397761444.0,44784268057.0,54898977342.0,,405104881247.0,52271209748.0,,582882970486.0,2024,CFS
032820,우리기술,KOSDAQ,4802001134800,00231044,,,71250184948.0,18612315852.0,553922286.0,-4401591680.0,265459207084.0,82988672851.0,73265138811.0,265459207084.0,112086289530.0,2024,CFS
403870,HPSP,KOSDAQ GLOBAL,4213760000000,01288827,1056.0,1035.0,181401607828.0,129611645669.0,93945693775.0,86280231062.0,319896333507.0,237711760468.0,40960057034.0,319896333507.0,277910828155.0,2024,OFS
108490,로보티즈,KOSDAQ,3824362008000,00946030,-244.0,-244.0,30038231053.0,16249623318.0,-2973503944.0,-3038577530.0,100246445003.0,53196902516.0,3851569684.0,100246445003.0,96006772289.0,2024,CFS
226950,올릭스,KOSDAQ,3773489132700,01113718,-2414.0,-2414.0,,,-30918594163.0,-40658699598.0,71249226328.0,15534061431.0,30060339329.0,71249226328.0,18472649178.0,2024,CFS
0009K0,에임드바이오,KOSDAQ,3576315203300,01781999,,,,,,,,,,,,,
214150,클래시스,KOSDAQ GLOBAL,3483584190600,01061327,1517.0,1509.0,,191127529489.0,122442594301.0,97543753801.0,608378808831.0,234201823223.0,128903651305.0,608378808831.0,452643914758.0,2024,CFS
347850,디앤디파마텍,KOSDAQ,3400117083000,01376715,-2823.0,-2823.0,,,-25016868135.0,-29483232915.0,97499966012.0,39794379528.0,11114604098.0,97499966012.0,69569189929.0,2024,CFS
083650,비에이치아이,KOSDAQ,3388409062500,00409788,633.0,,404741038609.0,59118017516.0,21927258374.0,19585052430.0,524776405785.0,247320460329.0,379905605041.0,524776405785.0,116446559547.0,2024,CFS
036930,주성엔지니어링,KOSDAQ GLOBAL,3383825608800,00252135,2272.0,2272.0,409393371588.0,248966783783.0,97196211588.0,106814110967.0,986824795276.0,398129947454.0,191704927851.0,986824795276.0,566590299600.0,2024,CFS
214450,파마리서치,KOSDAQ GLOBAL,3376635600000,00970453,8941.0,8941.0,350115068641.0,251237257221.0,126050757121.0,88943035620.0,855700916352.0,554541963954.0,82817556411.0,855700916352.0,569440798163.0,2024,CFS
357780,솔브레인,KOSDAQ GLOBAL,3329226248000,01489648,15296.0,15296.0,863356156458.0,246389216344.0,167948756594.0,119611878137.0,1168214133834.0,521491176326.0,123720340559.0,1168214133834.0,1037335849194.0,2024,CFS
319400,현대무벡스,KOSDAQ,3302299556350,01358463,,,341383043004.0,63483733727.0,24571079650.0,26917423749.0,298865266015.0,219728807130.0,110172629648.0,126722489340.0,172142776675.0,2024,CFS
145020,휴젤,KOSDAQ GLOBAL,3285176811000,00888347,12520.0,11988.0,373046885998.0,287175496572.0,166229170618.0,143134582847.0,939439325841.0,522925414568.0,61079734078.0,939439325841.0,840812000743.0,2024,CFS
043260,성호전자,KOSDAQ,3191527035000,00317210,147.0,145.0,207326568063.0,35962817345.0,6311648229.0,8076765671.0,367331808054.0,189750127718.0,167849424705.0,367331808054.0,143473786324.0,2024,CFS
237690,에스티팜,KOSDAQ GLOBAL,3137747626000,00871833,1780.0,1780.0,,96162795005.0,27692533192.0,32463839888.0,721875709831.0,330078457410.0,133281223062.0,,721875709831.0,2024,CFS
476830,알지노믹스,KOSDAQ,2988809109000,01596920,,,0.0,0.0,-12861965312.0,-18850121306.0,28146871462.0,24461101028.0,119976323939.0,28146871462.0,-93217117525.0,2024,OFS
084370,유진테크,KOSDAQ,2965335834800,00531014,2845.0,2838.0,338067812312.0,165702800465.0,61177012897.0,65440277257.0,539499743575.0,391289214675.0,83383640937.0,539499743575.0,435742335000.0,2024,CFS
440110,파두,KOSDAQ,2960623790400,01292291,,,43502744974.0,5769198478.0,-95048300908.0,,134427343084.0,98647616813.0,31263024620.0,134427343084.0,97946870542.0,2024,CFS
064760,티씨케이,KOSDAQ GLOBAL,2828392248000,00245472,6167.0,6167.0,275724843444.0,104138745044.0,80747924196.0,71994036570.0,563519610069.0,405757965821.0,44574894545.0,563519610069.0,516254748314.0,2024,OFS
178320,서진시스템,KOSDAQ,2818956960000,00838005,1696.0,1364.0,1213752801436.0,213424277129.0,108700662517.0,83921126833.0,2103214252543.0,1141566418825.0,884795098474.0,2103214252543.0,875584263726.0,2024,CFS
140410,메지온,KOSDAQ,2782914897200,00808022,-653.0,-653.0,8611620880.0,,-14299550646.0,-19476774574.0,73997678716.0,41925551798.0,26670294572.0,73997678716.0,46062511803.0,2024,CFS
475830,오름테라퓨틱,KOSDAQ,2681648078400,01658831,-424.0,-556.0,,,-8335353372.0,-5740128540.0,153836050957.0,122510410471.0,31863567335.0,32071321241.0,121764729716.0,2024,CFS
068760,셀트리온제약,KOSDAQ,2677817062600,00541349,531.0,530.0,477835307770.0,122010870123.0,37222949682.0,21966117520.0,669462477938.0,391673280914.0,247650113121.0,669462477938.0,396921557126.0,2024,OFS
058610,에스피지,KOSDAQ,2672371880000,00220686,591.0,591.0,388476767485.0,63687613191.0,12335226942.0,13113747075.0,397514155964.0,267611617008.0,118946486396.0,397514155964.0,254135688485.0,2024,CFS
263750,펄어비스,KOSDAQ GLOBAL,2666285982500,01152470,982.0,982.0,,,,60343569967.0,1142821061456.0,453262511474.0,133158155310.0,1142821061456.0,805974577846.0,2024,CFS
030530,원익홀딩스,KOSDAQ,2653124647350,00216647,-976.0,-976.0,645472610486.0,177241883424.0,30614449862.0,-61062837204.0,1890071698739.0,363038309672.0,574057113202.0,641601852997.0,1248469845742.0,2024,CFS
005290,동진쎄미켐,KOSDAQ,2560441801200,00118804,3010.0,3010.0,,364457457526.0,208225729660.0,143484559745.0,2016989003189.0,1082970678911.0,722768727205.0,996558402618.0,1020430600571.0,2024,CFS
319660,피에스케이,KOSDAQ GLOBAL,2502724089600,01365825,,,398050977575.0,209593989631.0,83924423263.0,79128216285.0,569356264734.0,398573268975.0,81154312944.0,569356264734.0,471716805682.0,2024,CFS
031980,피에스케이홀딩스,KOSDAQ,2402050803000,00208444,,,215508095005.0,135806237625.0,88482980891.0,95820109996.0,513564423195.0,241142492384.0,51738271298.0,513564423195.0,431463424801.0,2024,CFS
257720,실리콘투,KOSDAQ,2355118458000,00982023,1990.0,1981.0,691522368911.0,232826970951.0,137575012281.0,120738196347.0,457759144111.0,297095793185.0,189336374914.0,196171192588.0,261587951523.0,2024,CFS
035900,JYP Ent.,KOSDAQ GLOBAL,2352250970400,00258689,2951.0,2951.0,601787883332.0,256381549018.0,128262269240.0,97714913917.0,678782059891.0,362268599891.0,174828773094.0,678782059891.0,482881501386.0,2024,CFS
222800,심텍,KOSDAQ GLOBAL,2333888625000,01095722,,,1231421381070.0,51947512201.0,-46969220820.0,-31044704373.0,1443279296879.0,509727948750.0,780155095194.0,1443279296879.0,448475401000.0,2024,CFS
458870,씨어스테크놀로지,KOSDAQ,2320375482000,01514227,-752.0,-752.0,8099754810.0,3435750615.0,-8681501062.0,-8871453219.0,28083739034.0,16442253238.0,3879868600.0,28083739034.0,21398870839.0,2024,OFS
067310,하나마이크론,KOSDAQ,2308384328500,00445054,-428.0,-428.0,1250692575645.0,190157914448.0,106792878899.0,-11157290055.0,1944648852618.0,615552798363.0,620248022180.0,1944648852618.0,605829084189.0,2024,CFS
041510,에스엠,KOSDAQ GLOBAL,2248258558000,00260930,795.0,795.0,989725343114.0,307235206265.0,87296655446.0,818849820.0,1419108143782.0,814044282096.0,484572824709.0,1419108143782.0,829079862089.0,2024,CFS
089030,테크윙,KOSDAQ,2149111410000,00535676,-584.0,-584.0,185507171034.0,71485636656.0,23411077264.0,-21970453220.0,506220625653.0,156076110331.0,218505563731.0,506220625653.0,188303434692.0,2024,CFS
218410,RFHIC,KOSDAQ,2148173457800,01078178,995.0,995.0,114875963020.0,35648403400.0,1529788265.0,19698779772.0,482949216872.0,317854211716.0,95043343488.0,482949216872.0,357960809650.0,2024,CFS
039200,오스코텍,KOSDAQ,2142457856000,00263654,23.0,23.0,34007602680.0,31780697443.0,-2733857885.0,-1589923760.0,170778209860.0,141218953845.0,34779293086.0,170778209860.0,132359641489.0,2024,CFS
323280,태성,KOSDAQ,2125443408000,01366000,233.0,232.0,59212420040.0,14559219533.0,6037657086.0,5968175094.0,79613977957.0,33588382260.0,22129721055.0,79613977957.0,40982352292.0,2024,CFS
347700,스피어,KOSDAQ,2111596949000,01336762,-972.0,-972.0,,,-13616615083.0,-17001454365.0,44641348927.0,38224660655.0,13073016685.0,44641348927.0,31251297396.0,2024,CFS
445680,큐리옥스바이오시스템즈,KOSDAQ,2083483676100,01498974,-503.0,-706.0,4587636523.0,2558771492.0,-13377807751.0,-8089494005.0,70560573877.0,32266788286.0,19917655431.0,70560573877.0,48637481889.0,2024,CFS
376900,로킷헬스케어,KOSDAQ,2052331565600,01335143,,,13111237720.0,5982672615.0,,-7689957765.0,11328804685.0,9794945774.0,85937331894.0,11328804685.0,-77118754123.0,2024,CFS
491000,리브스메드,KOSDAQ,2033701366500,01385005,,,,,,,,,,,,,
098460,고영,KOSDAQ,1994420632750,00579999,319.0,317.0,202538127214.0,125851699437.0,3322352718.0,20998990602.0,377932270492.0,284011001294.0,36095207500.0,54763375690.0,323168894802.0,2024,CFS
003380,하림지주,KOSDAQ GLOBAL,1982499491700,00148364,,,12272959000000.0,2189990000000.0,765480000000.0,174817000000.0,16078958000000.0,4749366000000.0,6010822000000.0,16078958000000.0,5941952000000.0,2024,CFS
131970,두산테스나,KOSDAQ GLOBAL,1979109171200,00563545,1912.0,1912.0,373117930000.0,67807589000.0,37923282000.0,36781312000.0,787696560000.0,113602076000.0,183136544000.0,787696560000.0,437666508000.0,2024,CFS
078600,대주전자재료,KOSDAQ,1953650836600,00177816,2477.0,2268.0,219316249770.0,61986409925.0,29353571296.0,36394010154.0,622950058762.0,175050332242.0,315426510534.0,622950058762.0,230239136477.0,2024,CFS
099320,쎄트렉아이,KOSDAQ,1928520055800,00449254,722.0,722.0,171279451654.0,26787588859.0,-3072159411.0,6249303506.0,446984592737.0,289087192982.0,209768801579.0,446984592737.0,224021721955.0,2024,CFS
140860,파크시스템스,KOSDAQ GLOBAL,1910333061000,00244747,6175.0,6156.0,175059849427.0,114217506199.0,38529871391.0,42803661818.0,274315476326.0,191151103812.0,62937674219.0,274315476326.0,187909793142.0,2024,CFS
290650,엘앤씨바이오,KOSDAQ,1880922669100,01181515,,,72093323401.0,35729328532.0,2542071249.0,140965124092.0,475601177449.0,130188857877.0,154708280372.0,180875569755.0,294725607694.0,2024,CFS
038500,삼표시멘트,KOSDAQ,1874506235220,00239639,616.0,616.0,790786523331.0,169229127166.0,103930124574.0,66099929851.0,1485067226446.0,317873666526.0,311290002411.0,1485067226446.0,756213299450.0,2024,CFS
101490,에스앤에스텍,KOSDAQ,1821998666600,00411048,1452.0,1452.0,176013891367.0,59493427722.0,29478688017.0,30313647619.0,297031688485.0,155043401195.0,39676525728.0,297031688485.0,246847048853.0,2024,CFS
437730,삼현,KOSDAQ,1759769968500,00262266,274.0,,100447699055.0,13837444224.0,5516949984.0,8314379320.0,140292826674.0,94293156974.0,20997060791.0,140292826674.0,115237838264.0,2024,CFS
085660,차바이오텍,KOSDAQ,1751468815250,00525679,-144.0,-377.0,74156008793.0,275256311237.0,-59684136456.0,-14550152214.0,2194378669342.0,733844173401.0,1020667092916.0,1475529477270.0,718849192072.0,2024,CFS
065350,신성델타테크,KOSDAQ,1747979092800,00136226,,,909722446409.0,90778274146.0,27176239810.0,7449970454.0,774111976556.0,433541107750.0,424500528876.0,774111976556.0,317312385835.0,2024,CFS
232140,와이씨,KOSDAQ,1735259152500,01109539,137.0,137.0,211241210832.0,58448212614.0,10599506307.0,12926037556.0,576855440421.0,260930516127.0,101255439318.0,576855440421.0,418212295510.0,2024,CFS
417200,LS머트리얼즈,KOSDAQ,1711612272700,01528141,,,,18025130451.0,6197093266.0,5690646441.0,253147071884.0,112023019332.0,39575497488.0,253147071884.0,207159606912.0,2024,CFS
090710,휴림로봇,KOSDAQ,1674789901940,00540429,-17.0,-17.0,133097920524.0,14760742506.0,-4938399556.0,-9391668256.0,334935432412.0,192287656552.0,119954924061.0,334935432412.0,212389564046.0,2024,CFS
115180,큐리언트,KOSDAQ,1674049790650,01042650,-812.0,-812.0,9179834444.0,1350783598.0,-27477790640.0,-24996940757.0,58070561569.0,50626748387.0,5014602377.0,58070561569.0,52684050748.0,2024,CFS
082270,젬백스,KOSDAQ,1670215037400,00492894,-2202.0,-2202.0,,19715148883.0,-38336839563.0,-87218733402.0,150746205875.0,25166181267.0,70270367265.0,121740371913.0,,2024,CFS
060370,LS마린솔루션,KOSDAQ,1650747786400,00225742,,,130279123723.0,16807979012.0,12392667090.0,13203271844.0,254269530607.0,163704383661.0,43728878053.0,46112417811.0,208157112796.0,2024,CFS
160190,하이젠알앤엠,KOSDAQ,1609264800000,00650771,-41.0,,75886180614.0,7075967856.0,-369253550.0,-1092879556.0,120185301263.0,62813519249.0,36373171473.0,120185301263.0,68373885015.0,2024,CFS
174900,앱클론,KOSDAQ,1560167433000,00991191,-975.0,-975.0,2339823669.0,1076890716.0,-15588944512.0,-16301551979.0,48182887935.0,23224120815.0,18106875355.0,48182887935.0,29405991612.0,2024,OFS
493280,아이엠바이오로직스,KOSDAQ,1536715440000,01859500,,,,,,,,,,,,,
080220,제주반도체,KOSDAQ,1525817501900,00447487,581.0,581.0,162349945455.0,35407901848.0,9581360274.0,19405207353.0,225427601825.0,175914531374.0,38259555518.0,225427601825.0,184233770184.0,2024,CFS
397030,에이프릴바이오,KOSDAQ,1505599377000,01375822,913.0,913.0,,,16869084717.0,20005162287.0,99598583008.0,96626064721.0,8482191743.0,99598583008.0,90987762157.0,2024,OFS
195940,HK이노엔,KOSDAQ GLOBAL,1475987321100,01012066,2174.0,2174.0,897141915178.0,435072884504.0,88224439067.0,61580192966.0,1889575171545.0,385467722761.0,463964828224.0,1889575171545.0,1251377196361.0,2024,OFS
456160,지투지바이오,KOSDAQ,1475846022800,01577952,-57297.0,-57297.0,768930985.0,190327521.0,-10763507974.0,-83254627454.0,25345035928.0,10742970400.0,141721765325.0,25345035928.0,-119539090270.0,2024,OFS
388210,씨엠티엑스,KOSDAQ,1438658625600,01529982,,,,,,,,,,,,,
124500,아이티센글로벌,KOSDAQ,1427078410500,00620868,,,4961847499151.0,202512532663.0,58564721273.0,36063285864.0,945435946398.0,656595006501.0,550089331589.0,945435946398.0,322487711525.0,2024,CFS
466100,클로봇,KOSDAQ,1427051136900,01784914,-313.0,-313.0,33395079055.0,5870047453.0,-7490868842.0,-6729151697.0,69510934821.0,65669617251.0,8026984472.0,69510934821.0,59967623220.0,2024,CFS
048410,현대바이오,KOSDAQ,1418631908400,00313649,-174.0,-174.0,15050025356.0,11865276259.0,790972784.0,-6929528506.0,67704784931.0,6809973145.0,27486792004.0,67704784931.0,39438422428.0,2024,CFS
127120,제이에스링크,KOSDAQ,1371588302400,00642541,-542.0,-542.0,15907717174.0,2813308326.0,-9111567866.0,-10801688734.0,54386406588.0,14275051922.0,27143520701.0,54386406588.0,25029674158.0,2024,CFS
082920,비츠로셀,KOSDAQ,1366985231550,00154718,2300.0,2300.0,210779361832.0,70487152733.0,51910636695.0,51260348099.0,317852058044.0,237675367513.0,32826959998.0,317852058044.0,283013473108.0,2024,CFS
035760,CJ ENM,KOSDAQ GLOBAL,1363993378800,00265324,-24283.0,-24283.0,5231360073502.0,1711187439160.0,104478244497.0,-580847429608.0,9316636930911.0,2909496824375.0,3814173897612.0,5638566211854.0,3678070719057.0,2024,CFS
032500,케이엠더블유,KOSDAQ,1360553969450,00226352,-969.0,-969.0,87357147199.0,11858632601.0,-45481033116.0,-38604140710.0,269041031826.0,111136013863.0,117105935229.0,269041031826.0,143650686108.0,2024,CFS
131290,티에스이,KOSDAQ,1347282052200,00372226,3956.0,3956.0,348053207965.0,87004601378.0,39898852512.0,45031658141.0,519408350485.0,268896709967.0,94754519261.0,519408350485.0,399699298627.0,2024,CFS
281740,레이크머티리얼즈,KOSDAQ,1313296349040,01255652,317.0,,138725778383.0,36275419374.0,22166082728.0,21020540344.0,351334173536.0,127529963803.0,113875215680.0,351334173536.0,131371346090.0,2024,CFS
189300,인텔리안테크,KOSDAQ,1304605885500,00664181,-288.0,-288.0,257769448883.0,99427132089.0,-19443692778.0,-3011577414.0,440693069678.0,225272824430.0,91670412395.0,440693069678.0,264642289439.0,2024,CFS
095610,테스,KOSDAQ,1273888000000,00524421,,,240077826420.0,64574410705.0,38473734786.0,42653657309.0,381186883677.0,183222047838.0,37380024934.0,381186883677.0,330537992260.0,2024,CFS
183300,코미코,KOSDAQ GLOBAL,1258420285200,00997812,5402.0,5402.0,,234809809531.0,112461653836.0,87845843289.0,800342522976.0,319319304670.0,276059405083.0,800342522976.0,375718062479.0,2024,CFS
293490,카카오게임즈,KOSDAQ GLOBAL,1238161502690,01137383,-1205.0,-1205.0,,,19148863191.0,-128088854882.0,3173239057351.0,1069083664606.0,1199409097707.0,3173239057351.0,1478357269717.0,2024,CFS
166090,하나머티리얼즈,KOSDAQ GLOBAL,1226215788000,00660750,1627.0,1617.0,251646191336.0,74430632865.0,43411736320.0,31756594796.0,573884327709.0,137267888958.0,121039753948.0,573884327709.0,353781902893.0,2024,CFS
253450,스튜디오드래곤,KOSDAQ GLOBAL,1200836995100,01168684,1114.0,1114.0,550080744350.0,67972349289.0,36393818100.0,33488155067.0,925506475223.0,393799198479.0,169437693840.0,185882470870.0,739624004353.0,2024,CFS
