Code,Name,Sector,EPS,signal_v2,gap_market_v2,price_B_base,price_C_base,price_B_3m,price_B_6m,price_B_9m,price_B_12m,price_C_3m,price_C_6m,price_C_9m,price_C_12m,per_B,per_C,sector_per_B,sector_per_C,gap_market_B,gap_market_C,gap_sector_B,gap_sector_C,ret_B_3m,ret_C_3m,ret_B_6m,ret_C_6m,ret_B_9m,ret_C_9m,ret_B_12m,ret_C_12m
005930,삼성전자,IT/전자,4950.0,중립,-0.1788,60200,60200,59800,83900,119900,179700,59200,80500,107600,199400,12.16161616161616,12.16161616161616,14.901788649522647,15.99594205336305,-0.26961320661611915,-0.2870991756027994,-0.1838821199490212,-0.23970616291028296,-0.6644518272425249,-1.6611295681063125,39.3687707641196,33.72093023255814,99.16943521594685,78.7375415282392,198.50498338870432,231.22923588039868
000660,SK하이닉스,IT/전자,28732.0,중립,-0.0829,199300,210000,292000,347500,651000,922000,246000,353000,552000,1007000,6.936516775720451,7.308923847974384,14.901788649522647,15.99594205336305,-0.5834155446327877,-0.5715587659210527,-0.5345178395116582,-0.5430763737708261,46.512794781736076,17.142857142857142,74.36026091319619,68.0952380952381,226.64325137982942,162.85714285714286,362.6191670847968,379.5238095238095
005380,현대차,자동차/부품,47369.0,강력매도,2.0301,205000,202500,203500,215000,296500,495000,207000,218500,282500,517000,4.327724883362537,4.274947750638603,4.595720406172392,4.440498387196269,-0.7400910324580793,-0.7494071729295377,-0.05831414862616907,-0.0372819945245368,-0.7317073170731708,2.2222222222222223,4.878048780487805,7.901234567901234,44.63414634146341,39.50617283950617,141.46341463414635,155.30864197530866
402340,SK스퀘어,지주,27772.0,매도,0.2345,96000,98900,183000,201500,368000,544000,148400,208500,290500,608000,3.4567189975514907,3.561140717269192,10.02809407140721,10.94131257064717,-0.7924007902650939,-0.7912497714614378,-0.6552965126835492,-0.6745234454938387,90.625,50.05055611729019,109.89583333333333,110.81900910010111,283.33333333333337,193.7310414560162,466.6666666666667,514.7623862487361
207940,삼성바이오로직스,바이오/제약,15221.0,강력매수,-0.6903,1543859,1577710,1459970,1467329,1695000,1606000,1470272,1514425,1738000,1601000,101.42953813809868,103.65350502595099,37.64272473142917,37.11564576598498,5.091525511955399,5.076056685449605,1.6945323129973044,1.792717272912043,-5.4337216028147655,-6.809743235448846,-4.9570589023997655,-4.011193438591376,9.789818888901124,10.159661788288087,4.025043737802481,1.4761901743666455
012450,한화에어로스페이스,방산/중공업,45935.0,매도,0.0829,620364,710957,848000,1107000,941000,1335000,934000,1023000,851000,1320000,13.505257428975726,15.477457276586481,21.642561983471076,25.0,-0.18891851738374735,-0.09272814522172389,-0.37598619612178985,-0.38090170893654074,36.69394097658794,31.37222082348159,78.44362342108826,43.890558782036045,51.68513969218071,19.69781576100946,115.19623962705768,85.66523713811102
000270,기아,자동차/부품,24893.0,강력매도,3.9617,95300,96000,96900,100700,121800,155800,98200,102100,120400,168500,3.828385489896758,3.856505845016671,4.595720406172392,4.440498387196269,-0.7700797192869567,-0.7739357861924454,-0.16696727573876038,-0.1315150893565194,1.6789087093389297,2.2916666666666665,5.6663168940188875,6.354166666666666,27.806925498426022,25.416666666666664,63.48373557187828,75.52083333333334
329180,HD현대중공업,방산/중공업,7001.0,강력매수,-0.573,280000,300000,428500,515000,509000,498500,430500,499500,504000,559000,39.99428653049564,42.851021282673905,21.642561983471076,25.0,1.4019257230696016,1.5118806573665626,0.8479460315761231,0.7140408513069562,53.035714285714285,43.5,83.92857142857143,66.5,81.78571428571428,68.0,78.03571428571429,86.33333333333333
068270,셀트리온,바이오/제약,2048.0,강력매수,-0.6771,170584,179446,159600,173400,181000,206000,160200,168500,182100,202000,83.29296875,87.6201171875,37.64272473142917,37.11564576598498,4.002302617372835,4.1361967806462285,1.2127242207962676,1.3607326608284522,-6.439056417952446,-10.725232103251118,1.6507996060591847,-6.0998852022335415,6.106082633775735,1.4789964669036924,20.761618909159125,12.568683615126556
055550,신한지주,지주,8441.0,강력매도,1.9518,47800,47550,61400,70800,76900,93500,59400,69000,76200,97900,5.662836156853453,5.633218812936856,10.02809407140721,10.94131257064717,-0.6599086266908747,-0.6697867880070615,-0.4353028485243552,-0.4851423193914242,28.451882845188287,24.9211356466877,48.11715481171548,45.110410094637224,60.87866108786611,60.252365930599375,95.60669456066945,105.88853838065195
012330,현대모비스,자동차/부품,44939.0,강력매도,2.6035,267500,270500,287000,298500,373000,408500,293000,317000,352000,400500,5.9525134070629075,6.019270566768286,4.595720406172392,4.440498387196269,-0.6425115607840827,-0.6471568505128134,0.29522966607547374,0.35553941064909483,7.289719626168225,8.317929759704251,11.588785046728972,17.190388170055453,39.4392523364486,30.129390018484287,52.71028037383177,48.059149722735675
009150,삼성전기,IT/전자,8988.0,매수,-0.3527,135900,139500,134700,193500,255000,434000,130300,194500,254000,464500,15.120160213618158,15.520694259012016,14.901788649522647,15.99594205336305,-0.09193275078601737,-0.09019363993838045,0.014654050545972963,-0.02971052237908778,-0.8830022075055187,-6.594982078853047,42.384105960264904,39.42652329749104,87.63796909492274,82.07885304659499,219.3524650478293,232.97491039426524
267260,HD현대일렉트릭,방산/중공업,13935.0,강력매수,-0.5259,305000,350500,507000,582000,774000,915000,473000,594000,790000,959000,21.887334050950844,25.15249372084679,21.642561983471076,25.0,0.3144815229122805,0.47441205765321565,0.011309754716964967,0.00609974883387153,66.22950819672131,34.950071326676174,90.81967213114754,69.472182596291,153.77049180327867,125.3922967189729,200.0,173.60912981455064
010130,고려아연,소재/철강,9488.0,강력매수,-0.8065,766000,847000,819000,921000,1316000,1483000,833000,970000,1306000,1587000,80.7335581787521,89.27065767284992,18.005771885064203,19.770408163265305,3.8485928097909667,4.2329496839668135,3.4837599128821926,3.5153674590654416,6.919060052219321,-1.6528925619834711,20.234986945169712,14.521841794569069,71.80156657963447,54.19126328217237,93.60313315926892,87.36717827626919
006400,삼성SDI,에너지/화학,8188.0,강력매수,-0.3517,195219,198254,172800,205000,269500,405500,168200,209000,277000,400500,23.842085979482167,24.212750366389837,11.047358834244081,12.2040072859745,0.43187751485676057,0.4193253156272182,1.1581706847049809,0.9839999927086597,-11.48402563275091,-15.159341047343307,5.010270516701755,5.4203193882595055,38.05008733781035,39.719753447597526,107.71543753425641,102.01357854065995
015760,한국전력,에너지/화학,5439.0,강력매도,1.3308,22100,22000,39300,36050,47200,43900,28300,36500,48200,49150,4.063246920389777,4.044861187718331,11.047358834244081,12.2040072859745,-0.7559747117922497,-0.7628945991242798,-0.6321974345764242,-0.66856286685711,77.82805429864254,28.636363636363637,63.12217194570135,65.9090909090909,113.57466063348416,119.0909090909091,98.64253393665159,123.4090909090909
042700,한미반도체,IT/전자,1589.0,강력매수,-0.8313,76500,90400,102000,96500,127400,275500,92500,94300,116400,309500,48.14348646947766,56.89112649465072,14.901788649522647,15.99594205336305,1.89133995329854,2.3348964841472344,2.230718647390013,2.556597436078465,33.33333333333333,2.3230088495575223,26.143790849673206,4.314159292035398,66.53594771241829,28.761061946902654,260.1307189542484,242.36725663716814
009540,HD한국조선해양,방산/중공업,16578.0,매도,0.1874,201000,209500,366000,411000,407000,367000,379000,412000,409000,404500,12.124502352515382,12.637230063940162,21.642561983471076,25.0,-0.27184214030874254,-0.25921920154707395,-0.43978433044224874,-0.4945107974423935,82.08955223880598,80.90692124105013,104.4776119402985,96.65871121718376,102.48756218905473,95.22673031026252,82.58706467661692,93.07875894988067
010120,LS ELECTRIC,소재/철강,8078.0,강력매수,-0.6873,179500,203500,299000,284500,460000,801000,277500,303500,461500,886000,22.220846744243623,25.19187917801436,18.005771885064203,19.770408163265305,0.3345112018110234,0.47672079067939366,0.2340957602976092,0.2742215016492426,66.57381615598887,36.36363636363637,58.495821727019504,49.14004914004914,156.26740947075209,126.78132678132678,346.23955431754877,335.3808353808354
272210,한화시스템,IT/전자,2591.0,매수,-0.3594,31950,38800,58000,59500,54400,124100,68600,59100,48950,136000,12.331146275569278,14.974913160941721,14.901788649522647,15.99594205336305,-0.25943178379642656,-0.12218673934096977,-0.17250562562741187,-0.06383049457263218,81.53364632237871,76.80412371134021,86.2284820031299,52.31958762886598,70.2660406885759,26.15979381443299,288.4194053208138,250.51546391752578
298040,효성중공업,소재/철강,23909.0,강력매수,-0.7214,430500,463000,891000,1340000,1781000,2676000,844000,1390000,1812000,2735000,18.005771885064203,19.365092642937807,18.005771885064203,19.770408163265305,0.08136762538524438,0.13516084755662308,0.0,-0.020501120512048946,106.96864111498259,82.28941684665226,211.2659698025552,200.2159827213823,313.70499419279906,291.3606911447084,521.602787456446,490.71274298056153
267250,HD현대,방산/중공업,7203.0,중립,-0.111,74200,75400,129500,155400,188500,257500,131800,161800,191100,265500,10.301263362487852,10.467860613633208,21.642561983471076,25.0,-0.38133989634725474,-0.3863852992921296,-0.5240275448740697,-0.5812855754546716,74.52830188679245,74.80106100795756,109.43396226415094,114.58885941644563,154.04312668463612,153.44827586206898,247.03504043126685,252.12201591511936
011200,HMM,운송/물류,4999.0,강력매도,6.8942,19670,20050,22500,20050,20500,19660,22750,23000,20500,21250,3.9347869573914784,4.010802160432086,6.9022553070313055,7.137676955974909,-0.7636895959988953,-0.7648911025747969,-0.4299273523853684,-0.43808017858322007,14.387391967463142,13.466334164588527,1.9318759532282663,14.713216957605985,4.219623792577529,2.2443890274314215,-0.05083884087442806,5.985037406483791
064350,현대로템,자동차/부품,3728.0,강력매수,-0.3405,101700,108500,196500,219000,187900,184200,212000,211000,175000,180100,27.280042918454935,29.104077253218883,4.595720406172392,4.440498387196269,0.6383499368670348,0.7060496229624718,4.935966618381706,5.554236645403941,93.21533923303835,95.39170506912443,115.33923303834808,94.47004608294931,84.75909537856441,61.29032258064516,81.12094395280236,65.99078341013825
047810,한국항공우주,운송/물류,1765.0,강력매수,-0.6849,74700,85900,89800,108000,114400,186500,97300,107400,109400,185700,42.32294617563739,48.668555240793204,6.9022553070313055,7.137676955974909,1.541777386573468,1.8528982244060093,5.131756113472526,5.818542719288105,20.214190093708165,13.271245634458673,44.57831325301205,25.029103608847496,53.14591700133868,27.357392316647267,149.665327978581,116.18160651920839
033780,KT&G,IT/전자,11383.0,강력매도,1.2732,102700,102100,127700,133600,142100,158000,125600,139300,143600,157500,9.022226126680136,8.96951594483001,14.901788649522647,15.99594205336305,-0.4581546792565054,-0.47421664797358654,-0.39455414790296683,-0.4392630384064049,24.342745861733203,23.016650342801174,30.08763388510224,36.43486777668952,38.364167478091524,40.646425073457394,53.84615384615385,54.26052889324192
030200,KT,IT/전자,1908.0,매도,0.0126,49850,50700,55700,50500,52600,60800,51900,51400,53000,60700,26.12683438155136,26.572327044025158,14.901788649522647,15.99594205336305,0.5690920130698421,0.5576411559201984,0.7532683489232207,0.6611917544699086,11.735205616850552,2.366863905325444,1.3039117352056169,1.3806706114398422,5.516549648946841,4.536489151873767,21.965897693079235,19.723865877712033
079550,LIG넥스원,방산/중공업,10173.0,강력매수,-0.5005,243000,270500,540000,513000,421000,735000,593000,509000,383000,661000,23.8867590681215,26.5899931190406,21.642561983471076,25.0,0.43456043409448625,0.5586767221866392,0.1036936886845637,0.06359972476162397,122.22222222222223,119.22365988909426,111.11111111111111,88.17005545286506,73.25102880658436,41.58964879852125,202.46913580246914,144.36229205175601
047050,포스코인터내셔널,유통/소비재,3019.0,중립,0.2519,51200,55800,49700,48450,49600,74500,49350,49350,50400,77000,16.95925803246108,18.482941371315004,16.788511749347258,16.938519447929735,0.018517434516119757,0.08345009131948805,0.010170424017510678,0.09117809429170808,-2.9296875,-11.559139784946236,-5.37109375,-11.559139784946236,-3.125,-9.67741935483871,45.5078125,37.992831541218635
278470,에이피알,유통/소비재,2875.0,강력매수,-0.7279,70300,68700,154200,250000,231000,327000,137000,217000,243500,359500,24.452173913043477,23.895652173913042,16.788511749347258,16.938519447929735,0.46851739590171765,0.4007373615405692,0.4564825207924809,0.41072850241545894,119.3456614509246,99.41775836972343,255.61877667140826,215.8660844250364,228.59174964438122,254.4395924308588,365.149359886202,423.28966521106264
018260,삼성에스디에스,IT/전자,9787.0,강력매도,0.9559,118600,122500,169600,164200,171500,156300,168400,166000,169900,162600,12.118115867988147,12.516603657913558,14.901788649522647,15.99594205336305,-0.2722256916306109,-0.2662901913857312,-0.186801252319712,-0.2175138159317089,43.00168634064081,37.46938775510204,38.44856661045531,35.51020408163265,44.60370994940978,38.69387755102041,31.787521079258006,32.73469387755102
323410,카카오뱅크,IT/전자,924.0,강력매도,0.2136,22750,23050,30000,23750,21600,24650,28100,24800,21050,25100,24.62121212121212,24.945887445887447,14.901788649522647,15.99594205336305,0.47866927647276547,0.46230102061777484,0.6522320038407483,0.5595134917760424,31.868131868131865,21.908893709327547,4.395604395604396,7.592190889370933,-5.054945054945055,-8.676789587852495,8.35164835164835,8.893709327548807
259960,크래프톤,엔터/미디어,28593.0,강력매도,2.8051,359000,328500,363000,292500,246000,254500,360500,319500,242500,235500,12.55552058196062,11.488825936418005,26.221340275414942,26.768165680120738,-0.2459565985920017,-0.3265374130719225,-0.5211716697131366,-0.5708026439424599,1.1142061281337048,9.74124809741248,-18.52367688022284,-2.73972602739726,-31.47632311977716,-26.17960426179604,-29.108635097493035,-28.31050228310502
003490,대한항공,운송/물류,3566.0,강력매도,3.5164,21950,22400,22900,22750,22550,25300,21400,23600,21950,26350,6.155356141334829,6.28154795288839,6.9022553070313055,7.137676955974909,-0.6303294912073696,-0.6317824329764423,-0.10821088651061822,-0.11994504771890216,4.328018223234624,-4.464285714285714,3.644646924829157,5.357142857142857,2.733485193621868,-2.0089285714285716,15.261958997722095,17.633928571428573
006260,LS,소재/철강,8677.0,강력매도,-0.0123,107900,123300,197000,167000,199900,268000,179100,186500,182200,303500,12.435173447043908,14.209980407975106,18.005771885064203,19.770408163265305,-0.2531842529429242,-0.1670262724220609,-0.30937848560889014,-0.2812500232353236,82.57645968489342,45.25547445255474,54.77293790546802,51.25709651257097,85.26413345690455,47.76966747769668,148.3781278962002,146.14760746147607
007660,이수페타시스,IT/전자,1171.0,강력매수,-0.6934,38050,40100,52300,71300,119200,110500,47150,78100,121500,126800,32.493595217762596,34.24423569598633,14.901788649522647,15.99594205336305,0.9514587947217006,1.0073601677687287,1.1805164455075983,1.1408076862085585,37.450722733245726,17.581047381546135,87.3850197109067,94.76309226932669,213.27201051248358,202.9925187032419,190.40735873850196,216.20947630922691
180640,한진칼,운송/물류,7459.0,매도,0.9353,81200,83800,118200,100500,124000,117200,130600,113800,112300,130000,10.886177771819279,11.234749966483443,6.9022553070313055,7.137676955974909,-0.3462118546331973,-0.34143107243584353,0.5771914088326411,0.5740065060073779,45.566502463054185,55.847255369928405,23.76847290640394,35.79952267303103,52.70935960591133,34.00954653937948,44.33497536945813,55.131264916467785
003230,삼양식품,유통/소비재,36468.0,매수,-0.0459,844000,908000,1395000,1529000,1231000,1183000,1281000,1585000,1279000,1151000,23.143577931337063,24.898541186793903,16.788511749347258,16.938519447929735,0.3899274116256011,0.4595256339675662,0.3785366015088796,0.46993609821294385,65.28436018957346,41.07929515418502,81.1611374407583,74.55947136563876,45.85308056872038,40.859030837004404,40.165876777251185,26.762114537444937
090430,아모레퍼시픽,유통/소비재,8606.0,강력매도,0.996,104500,109700,136700,122300,119500,144400,133300,125900,119300,140800,12.142691145712293,12.74692075296305,16.788511749347258,16.938519447929735,-0.27074978102342456,-0.25278925164617844,-0.27672617281371564,-0.24745956739914438,30.813397129186605,21.513217866909752,17.033492822966505,14.767547857793984,14.354066985645932,8.751139471285324,38.18181818181819,28.350045578851415
443060,HD현대마린솔루션,방산/중공업,5304.0,중립,-0.0716,139400,143300,205500,210000,193500,183900,207000,209000,186300,182700,26.28205128205128,27.017345399698343,21.642561983471076,25.0,0.5784138312170821,0.5837276520252638,0.21436876568141472,0.08069381598793371,47.41750358680058,44.45219818562457,50.64562410329986,45.847871598046055,38.80918220946915,30.00697836706211,31.922525107604017,27.494766224703422
000100,유한양행,바이오/제약,943.0,강력매수,-0.6896,114000,131100,104200,119100,112400,100400,101100,117000,114100,100300,120.89077412513255,139.02439024390245,37.64272473142917,37.11564576598498,6.26030353939544,7.149459833225434,2.21153091301589,2.7457085111883677,-8.596491228070176,-22.883295194508012,4.473684210526316,-10.755148741418765,-1.4035087719298245,-12.967200610221205,-11.929824561403509,-23.49351639969489
047040,대우건설,건설/부동산,570.0,중립,0.0939,3210,3320,4180,3580,3820,17260,4395,3725,3685,19110,5.631578947368421,5.824561403508772,8.955291608631603,9.296272133253142,-0.6617858322121241,-0.6585704916901675,-0.37114510688402425,-0.37345192567307917,30.218068535825545,32.37951807228915,11.526479750778815,12.198795180722891,19.003115264797508,10.993975903614457,437.69470404984423,475.6024096385542
326030,SK바이오팜,바이오/제약,3074.0,강력매도,0.015,100800,103900,92000,101400,124600,100300,90200,107900,129000,98600,32.791151594014316,33.79960962914769,37.64272473142917,37.11564576598498,0.9693290551059537,0.9812966672121028,-0.1288847492318778,-0.08934335018027105,-8.73015873015873,-13.185755534167468,0.5952380952380952,3.849855630413859,23.61111111111111,24.157844080846967,-0.496031746031746,-5.101058710298364
128940,한미약품,바이오/제약,9567.0,매수,-0.4108,234000,242000,286000,367000,452000,549000,296500,332500,434000,560000,24.459078080903105,25.295285878540817,37.64272473142917,37.11564576598498,0.468932037587244,0.482782379951235,-0.35023093425324225,-0.3184737768533467,22.22222222222222,22.520661157024794,56.837606837606835,37.39669421487603,93.16239316239316,79.33884297520662,134.6153846153846,131.40495867768595
011070,LG이노텍,IT/전자,18985.0,강력매도,1.0463,165400,161600,147400,187800,271000,320500,148000,176700,281000,296000,8.712141164076902,8.511983144587832,14.901788649522647,15.99594205336305,-0.4767773654605929,-0.501036727323802,-0.4153627212827246,-0.46786609277580876,-10.882708585247885,-8.415841584158416,13.54292623941959,9.344059405940595,63.845223700120926,73.88613861386139,93.77267230955259,83.16831683168317
028050,삼성E&A,방산/중공업,3862.0,강력매도,2.5961,19870,20250,22100,26800,24050,33100,22650,28150,24850,35300,5.145002589331952,5.243397203521491,21.642561983471076,25.0,-0.6910080129782235,-0.6926377103702556,-0.7622738660394592,-0.7902641118591405,11.222949169602416,11.851851851851853,34.87669854051333,39.01234567901234,21.036738802214394,22.71604938271605,66.58278812279819,74.32098765432099
032640,LG유플러스,IT/전자,871.0,강력매도,0.7197,10370,10820,14300,15350,14720,16100,13280,14860,15060,15820,11.90585533869116,12.422502870264065,14.901788649522647,15.99594205336305,-0.28497336309918564,-0.27180627808015245,-0.20104521553038246,-0.22339660716310805,37.89778206364513,22.73567467652495,48.02314368370299,37.33826247689464,41.94792671166827,39.186691312384475,55.25554484088717,46.21072088724584
052690,한전기술,소재/철강,1538.0,강력매수,-0.6933,58900,61000,104300,83800,90000,157000,114000,87100,89200,175500,38.29648894668401,39.66189856957087,18.005771885064203,19.770408163265305,1.2999615666140758,1.324937723050762,1.1269007066812262,1.0061244179705526,77.07979626485569,86.88524590163934,42.27504244482173,42.786885245901644,52.801358234295414,46.22950819672131,166.553480475382,187.70491803278688
078930,GS,지주,5988.0,강력매도,1.5973,37300,37150,46650,45950,56300,67900,46400,47000,55200,69000,6.229124916499666,6.204074816299265,10.02809407140721,10.94131257064717,-0.6258991804305376,-0.6363238246968405,-0.3788326204218033,-0.432967957341493,25.067024128686327,24.89905787348587,23.19034852546917,26.51413189771198,50.93833780160858,48.58681022880215,82.03753351206434,85.73351278600269
267270,HD건설기계,건설/부동산,5595.0,매도,0.331,67100,70200,76000,92900,98400,130100,76800,97700,98900,133000,11.992850759606792,12.546916890080428,8.955291608631603,9.296272133253142,-0.27974870334366786,-0.2645132624056742,0.33919153989887085,0.3496718588088228,13.263785394932937,9.401709401709402,38.45007451564829,39.173789173789174,46.6467958271237,40.883190883190885,93.88971684053651,89.45868945868945
001040,CJ,지주,2993.0,강력매수,-0.5382,117900,126500,160500,183500,172000,206500,162900,205500,174200,207000,39.391914467089876,42.26528566655529,10.02809407140721,10.94131257064717,1.3657492318888025,1.4775454672026371,2.9281556581531087,2.8629081651448822,36.1323155216285,28.774703557312254,55.6403731976251,62.450592885375485,45.886344359626804,37.70750988142292,75.14843087362172,63.63636363636363
001440,대한전선,소재/철강,409.0,강력매수,-0.5554,11950,12700,17240,15520,22900,28250,16030,15870,22200,30700,29.21760391198044,31.051344743276285,18.005771885064203,19.770408163265305,0.754713497617559,0.8201963433108067,0.6226798883427185,0.5705970502405554,44.26778242677824,26.22047244094488,29.8744769874477,24.96062992125984,91.63179916317992,74.80314960629921,136.40167364016736,141.73228346456693
271560,오리온,유통/소비재,13271.0,강력매도,2.131,117900,119400,108800,103600,105700,134500,107000,109600,106100,137800,8.884032853590536,8.99706126139703,16.788511749347258,16.938519447929735,-0.4664541141554377,-0.472601971221093,-0.470826658954094,-0.4688401610864123,-7.718405428329092,-10.385259631490786,-12.128922815945717,-8.207705192629817,-10.347752332485156,-11.139028475711893,14.079728583545378,15.41038525963149
022100,포스코DX,IT/전자,580.0,매수,-0.4054,25300,27400,23450,21000,28750,30550,23450,22950,25800,32400,43.62068965517241,47.241379310344826,14.901788649522647,15.99594205336305,1.61971560515037,1.7692387104190719,1.927211671101625,1.9533352366960224,-7.312252964426877,-14.416058394160583,-16.99604743083004,-16.240875912408757,13.636363636363635,-5.839416058394161,20.75098814229249,18.248175182481752
062040,산일전기,소재/철강,3136.0,중립,-0.3541,54900,62000,88700,110100,130100,149300,84700,120100,133500,159200,17.506377551020407,19.770408163265305,18.005771885064203,19.770408163265305,0.05137563900538031,0.1589200062689677,-0.02773523608049504,0.0,61.56648451730419,36.612903225806456,100.5464480874317,93.70967741935485,136.97632058287797,115.3225806451613,171.94899817850637,156.77419354838707
251270,넷마블,엔터/미디어,313.0,강력매수,-0.808,40700,40000,62000,61700,48250,52200,59900,67100,48450,52300,130.03194888178913,127.79552715654953,26.221340275414942,26.768165680120738,6.809292524868306,6.491235988167541,3.9590122974647004,3.774160795465201,52.33415233415234,49.75,51.5970515970516,67.75,18.55036855036855,21.125,28.255528255528255,30.75
082740,한화엔진,방산/중공업,968.0,강력매수,-0.3539,20950,24200,28450,44900,42950,46650,29900,42900,39850,49050,21.642561983471076,25.0,21.642561983471076,25.0,0.2997813150533331,0.46547304018527536,0.0,0.0,35.79952267303103,23.553719008264462,114.31980906921243,77.27272727272727,105.01193317422435,64.6694214876033,122.67303102625297,102.68595041322315
353200,대덕전자,IT/전자,466.0,강력매수,-0.811,16770,18150,17320,28250,47100,85400,17050,27100,47800,82800,35.987124463519315,38.94849785407725,14.901788649522647,15.99594205336305,1.1612687072771033,1.2831189424345706,1.4149533529098939,1.4348986589313484,3.2796660703637444,-6.0606060606060606,68.45557543231962,49.311294765840216,180.8586762075134,163.36088154269973,409.2426952892069,356.198347107438
103590,일진전기,소재/철강,983.0,강력매수,-0.5998,25300,28600,41200,35300,54400,75100,33450,36250,53600,82600,25.737538148524923,29.094608341810783,18.005771885064203,19.770408163265305,0.5457121576675632,0.7054945655869329,0.42940487710355946,0.4716240606438487,62.845849802371546,16.95804195804196,39.52569169960474,26.74825174825175,115.01976284584981,87.41258741258741,196.83794466403162,188.8111888111888
051900,LG생활건강,유통/소비재,11281.0,매도,0.4202,331500,324500,319500,286000,258500,247500,338500,292500,262500,255500,29.385692757734244,28.76518039180924,16.788511749347258,16.938519447929735,0.7648083625945674,0.6861838544105022,0.7503453073424908,0.6982110201682936,-3.619909502262444,4.314329738058552,-13.725490196078432,-9.861325115562405,-22.021116138763198,-19.106317411402156,-25.339366515837103,-21.263482280431433
000990,DB하이텍,IT/전자,5520.0,강력매도,1.0111,44000,47750,46800,56800,67600,83800,46900,57200,64000,88100,7.971014492753623,8.65036231884058,14.901788649522647,15.99594205336305,-0.5212870034696866,-0.4929250893561819,-0.46509679608098853,-0.45921520033126817,6.363636363636363,-1.780104712041885,29.09090909090909,19.790575916230367,53.63636363636364,34.031413612565444,90.45454545454545,84.50261780104712
010060,OCI홀딩스,지주,5077.0,매수,-0.1003,70200,79600,72800,88400,115200,178800,71800,100200,106000,203000,13.827063226314753,15.678550324995076,10.02809407140721,10.94131257064717,-0.16959191627355744,-0.08094028758126517,0.37883262042180316,0.432967957341493,3.7037037037037033,-9.798994974874372,25.925925925925924,25.879396984924625,64.1025641025641,33.165829145728644,154.7008547008547,155.0251256281407
012510,더존비즈온,IT/전자,2170.0,강력매수,-0.4241,56900,56100,67500,88900,85600,119300,70400,86400,86200,119300,26.22119815668203,25.852534562211982,14.901788649522647,15.99594205336305,0.5747591920215026,0.515447696855188,0.7596007280322002,0.6161933117766354,18.629173989455182,25.49019607843137,56.239015817223205,54.01069518716578,50.43936731107206,53.65418894830659,109.66608084358525,112.65597147950088
036460,한국가스공사,에너지/화학,13174.0,강력매도,10.5333,35250,36400,41650,39100,39300,35400,37800,40350,40900,37700,2.6757249127068468,2.763018065887354,11.047358834244081,12.2040072859745,-0.8393047344202968,-0.8380348605958887,-0.7577950573658602,-0.7735974748996781,18.156028368794328,3.8461538461538463,10.921985815602838,10.851648351648352,11.48936170212766,12.362637362637363,0.425531914893617,3.571428571428571
011780,금호석유화학,에너지/화학,13423.0,강력매도,2.316,123700,114300,112300,104400,120700,126500,113200,109100,121500,131900,9.21552559040453,8.515235044326902,11.047358834244081,12.2040072859745,-0.44654574722014667,-0.5008461044679223,-0.16581639750501456,-0.30225909860664646,-9.21584478577203,-0.9623797025371827,-15.602263540824577,-4.549431321084865,-2.4252223120452707,6.299212598425196,2.263540824575586,15.398075240594924
014680,한솔케미칼,에너지/화학,10980.0,중립,0.2062,121300,134000,171700,209000,227500,273000,158000,203500,218000,294000,11.047358834244081,12.2040072859745,11.047358834244081,12.2040072859745,-0.3365318484749521,-0.28461425360718795,0.0,0.0,41.54987633965375,17.91044776119403,72.30008244023082,51.865671641791046,87.5515251442704,62.68656716417911,125.06183017312449,119.40298507462686
004170,신세계,유통/소비재,11776.0,중립,0.1564,143000,148100,188400,187100,247000,337000,184700,194900,258000,344000,12.143342391304348,12.576426630434783,16.788511749347258,16.938519447929735,-0.2707106693483507,-0.2627834332491872,-0.27668738166880785,-0.25752503522544273,31.74825174825175,24.71303173531398,30.83916083916084,31.600270087778526,72.72727272727273,74.20661715057393,135.66433566433568,132.27548953409857
097950,CJ제일제당,유통/소비재,9294.0,중립,0.3449,254500,265500,249000,230500,208000,214500,238000,239000,209000,212000,27.383258015924252,28.56681730148483,16.788511749347258,16.938519447929735,0.6445486972182577,0.6745560239689719,0.6310712006374788,0.6865002510580304,-2.161100196463654,-10.357815442561206,-9.430255402750491,-9.981167608286253,-18.271119842829076,-21.28060263653484,-15.717092337917485,-20.15065913370998
051600,한전KPS,소재/철강,3832.0,강력매도,0.9452,41850,42550,60100,47650,49450,59000,59000,49100,52000,67500,10.921189979123174,11.103862212943632,18.005771885064203,19.770408163265305,-0.34410913625414713,-0.34910357139996384,-0.39346171611880154,-0.4383594854872382,43.608124253285546,38.66039952996474,13.859020310633213,15.393654524089307,18.16009557945042,22.20916568742656,40.97968936678614,58.63689776733255
005850,에스엘,자동차/부품,7998.0,강력매도,3.2164,38900,36450,31250,33900,42850,59800,32150,36050,42150,63100,4.863715928982246,4.5573893473368345,4.595720406172392,4.440498387196269,-0.7079011675675705,-0.7328507511140121,0.05831414862616888,0.02632383799026011,-19.665809768637533,-11.796982167352537,-12.853470437017995,-1.0973936899862824,10.154241645244216,15.637860082304528,53.72750642673522,73.11385459533608
028670,팬오션,운송/물류,502.0,강력매도,2.1348,3375,3520,3715,3860,3850,4900,3945,4160,3905,5330,6.723107569721115,7.01195219123506,6.9022553070313055,7.137676955974909,-0.5962322018580343,-0.5889669241870781,-0.02595495665419576,-0.017614241372272486,10.074074074074074,12.073863636363637,14.37037037037037,18.181818181818183,14.074074074074074,10.9375,45.18518518518518,51.42045454545454
112610,씨에스윈드,에너지/화학,3434.0,강력매도,0.7602,35300,37600,46900,41900,41600,60200,46850,44550,44250,66100,10.279557367501456,10.949330227140361,11.047358834244081,12.2040072859745,-0.38264348724049124,-0.3581620697616033,-0.06950090770679329,-0.10280861273133463,32.86118980169972,24.601063829787233,18.69688385269122,18.48404255319149,17.847025495750707,17.68617021276596,70.53824362606233,75.79787234042553
071970,HD현대마린엔진,방산/중공업,2464.0,중립,0.0312,25550,27450,50300,82900,89500,76700,54200,87900,80500,80400,10.369318181818182,11.140422077922079,21.642561983471076,25.0,-0.37725274702396994,-0.3469604715408148,-0.5208830548926014,-0.5543831168831168,96.86888454011742,97.44990892531877,224.4618395303327,220.21857923497268,250.29354207436398,193.26047358834245,200.19569471624266,192.89617486338798
006360,GS건설,건설/부동산,2893.0,강력매도,2.2287,17120,17490,20750,18400,19700,26350,22200,19180,20100,31800,5.917732457656412,6.0456273764258555,8.955291608631603,9.296272133253142,-0.644600390572021,-0.6456118427536749,-0.33919153989887096,-0.3496718588088228,21.20327102803738,26.929674099485418,7.476635514018691,9.662664379645513,15.070093457943926,14.922813036020582,53.913551401869164,81.81818181818183
008930,한미사이언스,바이오/제약,878.0,중립,-0.2471,27550,28200,44800,38900,36250,38400,45200,40300,37100,38450,31.378132118451024,32.11845102505695,37.64272473142917,37.11564576598498,0.8844677381534463,0.8827489627892833,-0.16642240054816296,-0.13463849645606224,62.613430127041745,60.28368794326241,41.1978221415608,42.90780141843972,31.57894736842105,31.560283687943265,39.382940108892925,36.347517730496456
026960,동서,유통/소비재,1594.0,강력매도,0.886,28200,27000,28400,26900,26850,27400,26800,28500,28950,26200,17.69134253450439,16.938519447929735,16.788511749347258,16.938519447929735,0.06248402948406945,-0.007082256336199943,0.05377670151091471,0.0,0.7092198581560284,-0.7407407407407408,-4.609929078014184,5.555555555555555,-4.787234042553192,7.222222222222221,-2.8368794326241136,-2.9629629629629632
000120,CJ대한통운,운송/물류,12088.0,강력매도,2.4871,85600,87800,87400,84200,94600,108200,85500,85500,100900,113800,7.081403044341496,7.263401720714758,6.9022553070313055,7.137676955974909,-0.5747141503660064,-0.5742272239302874,0.02595495665419576,0.017614241372272486,2.102803738317757,-2.619589977220957,-1.6355140186915886,-2.619589977220957,10.514018691588785,14.92027334851936,26.401869158878505,29.6127562642369
017960,한국카본,에너지/화학,413.0,강력매수,-0.7223,13630,14820,26000,32700,29850,40500,25200,32900,32350,49800,33.002421307506054,35.883777239709445,11.047358834244081,12.2040072859745,0.9820172214257709,1.1034683249923276,1.9873584992284952,1.9403274185970873,90.75568598679384,70.04048582995951,139.91195891415995,121.99730094466936,119.002201027146,118.28609986504723,197.1386647101981,236.0323886639676
204320,HL만도,자동차/부품,2767.0,중립,0.6525,40000,41000,32850,33600,58700,51200,33550,35550,51300,53900,14.456089627755691,14.817491868449585,4.595720406172392,4.440498387196269,-0.13181465293973463,-0.13141460574490363,2.145554635643216,2.3368983786086566,-17.875,-18.170731707317074,-16.0,-13.292682926829269,46.75,25.121951219512194,28.000000000000004,31.463414634146343
004800,효성,소재/철강,7510.0,강력매도,0.6811,48050,48650,76300,84900,114700,139600,66200,90700,118900,150300,6.3981358189081226,6.478029294274301,18.005771885064203,19.770408163265305,-0.6157489397539214,-0.6202649086284227,-0.6446619528588285,-0.6723370989218677,58.79292403746098,36.07399794450154,76.69094693028096,86.43371017471738,138.70967741935485,144.39876670092497,190.53069719042662,208.9414182939363
030000,제일기획,엔터/미디어,2049.0,강력매도,2.1305,17960,18000,20050,20300,21000,19830,20500,19950,23150,21300,8.765251342118106,8.784773060029282,26.221340275414942,26.768165680120738,-0.4735877422953765,-0.48504607665524735,-0.6657206973384049,-0.6718201327275386,11.6369710467706,13.88888888888889,13.028953229398663,10.833333333333334,16.926503340757236,28.61111111111111,10.412026726057906,18.333333333333332
005440,현대지에프홀딩스,지주,4483.0,강력매도,8.8185,5100,5290,8960,8030,8320,14360,8570,8650,8650,15630,1.137631050635735,1.1800133838947133,10.02809407140721,10.94131257064717,-0.9316776089554408,-0.9308288879537799,-0.8865556064258087,-0.8921506559404584,75.68627450980392,62.003780718336486,57.45098039215686,63.51606805293005,63.13725490196078,63.51606805293005,181.5686274509804,195.46313799621927
018670,SK가스,에너지/화학,19926.0,강력매도,1.1343,239000,259000,258000,231500,225000,246500,224000,241500,233000,260000,11.99437920305129,12.998092943892402,11.047358834244081,12.2040072859745,-0.27965691004157217,-0.23806580867612903,0.08572369043283722,0.06506761585028781,7.949790794979079,-13.513513513513514,-3.1380753138075312,-6.756756756756757,-5.857740585774058,-10.038610038610038,3.1380753138075312,0.3861003861003861
383220,F&F,유통/소비재,9504.0,강력매도,3.8558,63800,66500,79000,62700,68500,65000,80900,68700,79500,62700,6.712962962962963,6.997053872053872,16.788511749347258,16.938519447929735,-0.5968414536796478,-0.5898402475912424,-0.600145440930822,-0.5869146714054121,23.824451410658305,21.654135338345863,-1.7241379310344827,3.308270676691729,7.366771159874608,19.548872180451127,1.8808777429467085,-5.714285714285714
001430,세아베스틸지주,지주,564.0,강력매수,-0.7424,18030,19750,32900,25200,50200,69500,26550,26100,45350,66200,31.96808510638298,35.0177304964539,10.02809407140721,10.94131257064717,0.9198983803786814,1.0527015988410773,2.187852534963007,2.2005054485325455,82.47365501941209,34.43037974683544,39.767054908485854,32.151898734177216,178.42484747642817,129.62025316455697,285.46866333887965,235.18987341772151
081660,미스토홀딩스,지주,1417.0,중립,0.0334,39050,39500,35750,38550,42700,40200,33200,40900,44950,44550,27.55822159491884,27.8757939308398,10.02809407140721,10.94131257064717,0.6550564361340897,0.634048979176242,1.748101623168328,1.547755925155054,-8.450704225352112,-15.949367088607595,-1.2804097311139564,3.5443037974683547,9.346991037131883,13.79746835443038,2.9449423815621,12.784810126582277
007340,DN오토모티브,자동차/부품,6222.0,강력매도,3.9891,21150,21350,22200,22850,24400,40750,21900,24450,26300,39750,3.399228543876567,3.4313725490196076,4.595720406172392,4.440498387196269,-0.795853478423625,-0.7988566415431975,-0.26034914149451915,-0.22725508494415267,4.964539007092199,2.576112412177986,8.037825059101655,14.519906323185012,15.36643026004728,23.185011709601874,92.67139479905437,86.18266978922716
004370,농심,유통/소비재,27202.0,강력매도,1.2466,411500,426500,393000,431500,432500,375500,392000,481500,430000,380500,15.127564149694875,15.67899419160356,16.788511749347258,16.938519447929735,-0.09148809465992123,-0.08091426859933834,-0.09893358175223371,-0.07435863920681204,-4.495747266099635,-8.089097303634233,4.860267314702309,12.895662368112543,5.103280680437424,0.8206330597889802,-8.748481166464156,-10.785463071512309
023590,다우기술,IT/전자,8246.0,강력매도,3.6394,19930,21800,34250,36700,38850,48300,31500,36850,38500,50900,2.416929420325006,2.6437060392917777,14.901788649522647,15.99594205336305,-0.854847143201422,-0.8450288029297162,-0.8378094417274916,-0.8347264555927825,71.85148018063221,44.4954128440367,84.14450577019569,69.03669724770643,94.93226292022078,76.60550458715596,142.3482187656799,133.4862385321101
192820,코스맥스,유통/소비재,7562.0,중립,0.229,172100,180600,279500,214500,163000,205000,256500,231500,168300,196100,22.758529489553027,23.88257074847924,16.788511749347258,16.938519447929735,0.36680266463845973,0.3999705424885519,0.35560136772920836,0.40995621381762626,62.40557815223708,42.0265780730897,24.63683904706566,28.183831672203763,-5.287623474723998,-6.810631229235881,19.116792562463683,8.58250276854928
002790,아모레퍼시픽홀딩스,유통/소비재,2786.0,강력매도,2.1598,20500,21400,31750,26650,26850,29350,29700,28000,27050,28200,7.3582196697774584,7.681263460157933,16.788511749347258,16.938519447929735,-0.5580894514180459,-0.5497326193831314,-0.5617110212247641,-0.5465209646114169,54.87804878048781,38.78504672897196,30.0,30.8411214953271,30.975609756097562,26.401869158878505,43.170731707317074,31.775700934579437
475150,SK이터닉스,에너지/화학,677.0,강력매수,-0.5887,13140,14560,23650,21650,20700,52400,21250,23650,21650,59900,19.409158050221567,21.50664697193501,11.047358834244081,12.2040072859745,0.1656503972987081,0.26069645288612175,0.7569048259804847,0.762261072774973,79.9847792998478,45.9478021978022,64.7640791476408,62.43131868131868,57.534246575342465,48.69505494505494,298.7823439878234,311.4010989010989
000500,가온전선,소재/철강,3270.0,강력매도,-0.1004,43250,50700,66200,55400,82400,109300,64300,59600,82000,114500,13.226299694189603,15.504587155963304,18.005771885064203,19.770408163265305,-0.20567180433940077,-0.09113782094931541,-0.26544111640330037,-0.2157679786919206,53.063583815028906,26.82445759368836,28.092485549132952,17.554240631163708,90.52023121387283,61.735700197238664,152.71676300578034,125.83826429980276
161890,한국콜마,유통/소비재,3830.0,매도,0.4345,64300,65800,99800,77800,62100,80200,88000,80300,62500,76700,16.788511749347258,17.180156657963447,16.788511749347258,16.938519447929735,0.008262972563988263,0.007082256336199735,0.0,0.014265544918286558,55.2099533437014,33.73860182370821,20.99533437013997,22.036474164133736,-3.421461897356143,-5.015197568389058,24.72783825816485,16.565349544072948
073240,금호타이어,자동차/부품,1131.0,강력매도,4.6953,4850,4890,4505,4725,5860,6250,4380,4925,6110,6240,4.288240495137047,4.323607427055703,4.595720406172392,4.440498387196269,-0.7424623353607116,-0.7465547951722018,-0.06690570440759985,-0.02632383799026011,-7.11340206185567,-10.429447852760736,-2.5773195876288657,0.7157464212678937,20.824742268041238,24.948875255623722,28.865979381443296,27.607361963190186
462870,시프트업,엔터/미디어,2734.0,강력매도,1.8875,55500,60200,48900,41050,35500,32300,51000,41500,35950,30350,20.29992684711046,22.019019751280176,26.221340275414942,26.768165680120738,0.21914705075003987,0.2907311926723274,-0.22582420906441553,-0.17741768283986284,-11.891891891891893,-15.282392026578073,-26.036036036036037,-31.06312292358804,-36.03603603603604,-40.28239202657807,-41.8018018018018,-49.584717607973424
058470,리노공업,IT/전자,7463.0,강력매도,1.189,39045,41448,50900,51500,60300,104900,50600,49250,60000,111700,5.231810263968914,5.553798740452901,14.901788649522647,15.99594205336305,-0.6857946286486546,-0.6744423070100534,-0.6489139399962899,-0.6527995211582273,30.3624023562556,22.080679405520172,31.899090792675118,18.82358618027408,54.43718786016135,44.75969889982629,168.66436163401204,169.49430611850994
214370,케어젠,바이오/제약,658.0,강력매수,-0.8028,24700,26450,34250,62500,71800,96900,30250,64400,64200,112000,37.537993920972646,40.19756838905775,37.64272473142917,37.11564576598498,1.2544088421846176,1.3563381102067193,-0.0027822324553748354,0.08303567294785508,38.663967611336034,14.366729678638942,153.03643724696357,143.47826086956522,190.68825910931173,142.72211720226844,292.30769230769226,323.4404536862004
039030,이오테크닉스,IT/전자,3870.0,강력매수,-0.7124,141000,148400,168200,233000,272000,417000,153600,245500,253000,429500,36.434108527131784,38.34625322997416,14.901788649522647,15.99594205336305,1.1881131046480709,1.2478160120257866,1.4449486826065598,1.397248821110357,19.29078014184397,3.5040431266846364,65.24822695035462,65.4312668463612,92.90780141843972,70.48517520215634,195.74468085106383,189.42048517520215
095340,ISC,IT/전자,2671.0,강력매수,-0.6475,55300,62000,59800,77800,111100,250000,53500,74800,98200,247000,20.703856233620368,23.212280044926995,14.901788649522647,15.99594205336305,0.24340572537402866,0.36067882428284653,0.38935376957474027,0.45113554222001906,8.1374321880651,-13.709677419354838,40.6871609403255,20.64516129032258,100.90415913200724,58.387096774193544,352.0795660036166,298.38709677419354
403870,HPSP,IT/전자,1056.0,매수,-0.3183,27850,28250,27750,33750,33500,45150,28200,30600,28600,51200,26.373106060606062,26.751893939393938,14.901788649522647,15.99594205336305,0.5838822826833278,0.5681671736831071,0.769794665652494,0.6724175325309779,-0.3590664272890485,-0.17699115044247787,21.18491921005386,8.31858407079646,20.287253141831236,1.238938053097345,62.11849192100538,81.23893805309734
214150,클래시스,바이오/제약,1517.0,매도,-0.0765,58300,58400,62700,50500,54500,54000,61900,53700,58100,53400,38.43111404087014,38.49703361898484,37.64272473142917,37.11564576598498,1.3080467083867584,1.2566545958291384,0.02094400219606633,0.037218478204839554,7.547169811320755,5.993150684931506,-13.379073756432247,-8.047945205479452,-6.518010291595197,-0.5136986301369862,-7.375643224699828,-8.561643835616438
083650,비에이치아이,방산/중공업,633.0,강력매수,-0.7992,17400,19330,42450,47200,52300,94800,45800,46950,55200,109500,27.488151658767773,30.537124802527646,21.642561983471076,25.0,0.6508482655013479,0.7900533249150947,0.2700969358323247,0.22148499210110587,143.9655172413793,136.93740300051732,171.26436781609195,142.8867046042421,200.57471264367814,185.56647697878944,444.8275862068965,466.4769787894465
036930,주성엔지니어링,건설/부동산,2272.0,매수,-0.0761,38750,40300,31050,30900,27700,70000,31650,30950,27050,72800,17.055457746478872,17.737676056338028,8.955291608631603,9.296272133253142,0.02429487393800041,0.039763442244130226,0.9045117112702263,0.9080418260228896,-19.870967741935484,-21.464019851116625,-20.258064516129032,-23.200992555831267,-28.516129032258064,-32.878411910669975,80.64516129032258,80.64516129032258
214450,파마리서치,바이오/제약,8941.0,매도,-0.0995,337500,319500,493500,601000,403000,313500,452000,608000,373000,325000,37.74745554188569,35.73425791298512,37.64272473142917,37.11564576598498,1.2669884203922017,1.0947036633002816,0.0027822324553748354,-0.037218478204839554,46.22222222222222,41.47104851330204,78.07407407407408,90.29733959311424,19.407407407407405,16.74491392801252,-7.111111111111111,1.7214397496087637
357780,솔브레인,IT/전자,15296.0,강력매도,0.1274,192600,205000,180000,288500,262000,396000,169300,281500,253500,428000,12.59152719665272,13.402196652719665,14.901788649522647,15.99594205336305,-0.243794159365497,-0.21437768504711965,-0.15503249356203508,-0.16215021234701624,-6.5420560747663545,-17.414634146341463,49.79231568016615,37.31707317073171,36.033229491173415,23.65853658536585,105.60747663551402,108.78048780487805
145020,휴젤,바이오/제약,12520.0,강력매도,0.5233,335000,330000,388000,302000,230500,259500,372000,313000,235000,267000,26.757188498402556,26.357827476038338,37.64272473142917,37.11564576598498,0.6069490146381344,0.5450674225595554,-0.2891803478810851,-0.28984591451742314,15.82089552238806,12.727272727272727,-9.850746268656717,-5.151515151515151,-31.19402985074627,-28.78787878787879,-22.53731343283582,-19.090909090909093
237690,에스티팜,바이오/제약,1780.0,강력매수,-0.629,74100,75900,77000,89500,119200,159300,77300,91400,128400,150800,41.62921348314607,42.640449438202246,37.64272473142917,37.11564576598498,1.5001140755463118,1.4995371629227505,0.10590329951297191,0.14885376660428554,3.913630229419703,1.844532279314888,20.78272604588394,20.421607378129117,60.86369770580296,69.1699604743083,114.97975708502024,98.68247694334651
084370,유진테크,IT/전자,2845.0,매수,-0.3032,39200,43650,39100,69900,75000,116800,37400,62200,71800,129400,13.778558875219684,15.342706502636204,14.901788649522647,15.99594205336305,-0.17250492857313204,-0.10062709027645313,-0.07537550026512717,-0.04083757921525523,-0.25510204081632654,-14.318442153493699,78.31632653061224,42.4971363115693,91.3265306122449,64.49026345933562,197.9591836734694,196.44902634593356
064760,티씨케이,IT/전자,6167.0,중립,-0.1561,83800,92000,107400,175000,142200,239000,100200,158100,139400,253000,13.588454678125506,14.918112534457597,14.901788649522647,15.99594205336305,-0.1839219633717358,-0.12551633081209446,-0.08813263979819033,-0.0673814343231411,28.162291169451077,8.91304347826087,108.83054892601432,71.84782608695653,69.68973747016707,51.52173913043478,185.20286396181385,175.0
178320,서진시스템,IT/전자,1696.0,매도,0.0849,22100,22750,21150,21350,25300,43350,20350,22400,26050,48000,13.03066037735849,13.413915094339623,14.901788649522647,15.99594205336305,-0.21742126028186656,-0.2136907626364383,-0.12556400551447192,-0.1614176239454788,-4.298642533936651,-10.54945054945055,-3.3936651583710407,-1.5384615384615385,14.479638009049776,14.505494505494507,96.15384615384616,110.98901098901099
068760,셀트리온제약,바이오/제약,531.0,강력매수,-0.7167,49815,53051,48687,52462,58000,58500,48638,52560,60798,61300,93.8135593220339,99.90772128060263,37.64272473142917,37.11564576598498,4.634134794140975,4.856482881722714,1.4922095834286357,1.691795312158198,-2.264378199337549,-8.318410586039848,5.313660544012848,-0.9255244952969784,16.430793937569003,14.602929256752937,17.434507678410117,15.549188516710336
058610,에스피지,IT/전자,591.0,강력매수,-0.8366,23100,25000,27600,27650,81300,111300,26050,28150,70000,120500,39.08629441624365,42.30118443316413,14.901788649522647,15.99594205336305,1.3473946936461052,1.4796498141882835,1.6229263704861172,1.6444947282283109,19.480519480519483,4.2,19.696969696969695,12.6,251.94805194805195,180.0,381.8181818181818,382.0
263750,펄어비스,엔터/미디어,982.0,매수,-0.2406,31100,30950,42300,35450,37400,58800,42800,34500,36550,41500,31.670061099796335,31.517311608961304,26.221340275414942,26.768165680120738,0.9020000356496936,0.8475108184820478,0.2077971898900263,0.17741768283986295,36.01286173633441,38.28756058158319,13.987138263665594,11.470113085621971,20.257234726688104,18.093699515347332,89.06752411575563,34.087237479806134
005290,동진쎄미켐,IT/전자,3010.0,강력매도,0.9654,30000,32100,32700,41150,36650,46500,30900,38500,36700,49800,9.966777408637874,10.664451827242525,14.901788649522647,15.99594205336305,-0.4014280260841143,-0.3748613343528593,-0.3311690533903027,-0.3333026719110683,9.0,-3.7383177570093453,37.166666666666664,19.937694704049843,22.166666666666668,14.330218068535824,55.00000000000001,55.140186915887845
257720,실리콘투,유통/소비재,1990.0,매도,0.4772,26000,28650,61700,45800,38650,38800,55600,45800,40200,38500,13.06532663316583,14.396984924623116,16.788511749347258,16.938519447929735,-0.21533931861545708,-0.1560642693204394,-0.22176981329665427,-0.1500446677833612,137.30769230769232,94.06631762652705,76.15384615384615,59.860383944153575,48.65384615384615,40.31413612565445,49.23076923076923,34.3804537521815
035900,JYP Ent.,엔터/미디어,2951.0,매도,0.2923,61300,61000,74300,74600,72600,64300,75600,77100,69800,66200,20.77261945103355,20.670958996950187,26.221340275414942,26.768165680120738,0.24753541876360347,0.21170932499223044,-0.2077971898900263,-0.22777827797511785,21.20717781402936,23.934426229508198,21.69657422512235,26.39344262295082,18.43393148450245,14.426229508196723,4.893964110929853,8.524590163934425
041510,에스엠,엔터/미디어,795.0,강력매수,-0.7318,107000,95000,141000,130000,135000,91000,135000,146600,118400,98200,134.59119496855345,119.49685534591195,26.221340275414942,26.768165680120738,7.083105896817161,6.004776795854147,4.132887699670554,3.464140605445213,31.775700934579437,42.10526315789473,21.49532710280374,54.315789473684205,26.168224299065418,24.63157894736842,-14.953271028037381,3.3684210526315788
218410,RFHIC,IT/전자,995.0,강력매수,-0.5901,14610,16220,27250,29700,32650,82400,22200,31850,30750,80900,14.683417085427136,16.301507537688444,14.901788649522647,15.99594205336305,-0.11816211115167909,-0.04442320756562135,-0.014654050545972963,0.019102687625775085,86.5160848733744,36.86806411837238,103.28542094455852,96.36251541307028,123.47707049965777,89.58076448828606,463.99726214921293,398.766954377312
098460,고영,IT/전자,319.0,강력매수,-0.6362,14000,16070,16050,14450,22900,27300,15280,15570,23900,29050,43.8871473354232,50.376175548589345,14.901788649522647,15.99594205336305,1.6357181798135239,1.9529970853639345,1.9450925904004852,2.1493097049572056,14.642857142857144,-4.915992532669571,3.214285714285714,-3.1113876789047916,63.57142857142857,48.72433105164903,95.0,80.77162414436839
131970,두산테스나,IT/전자,1912.0,강력매수,-0.4225,26200,30000,26200,39850,53200,108300,28400,40250,43000,102400,13.702928870292887,15.690376569037657,14.901788649522647,15.99594205336305,-0.1770470187072076,-0.080247045908823,-0.08045073027311818,-0.019102687625775085,0.0,-5.333333333333334,52.09923664122137,34.166666666666664,103.05343511450383,43.333333333333336,313.3587786259542,241.33333333333334
078600,대주전자재료,IT/전자,2477.0,매수,-0.3399,86000,104700,71600,66000,63500,130200,67100,70900,67100,126200,34.71941865159467,42.26887363746467,14.901788649522647,15.99594205336305,1.0851344525348696,1.4777557901881038,1.3298826381292723,1.642474791197302,-16.74418604651163,-35.91212989493792,-23.25581395348837,-32.28271251193887,-26.16279069767442,-35.91212989493792,51.3953488372093,20.534861509073544
140860,파크시스템스,IT/전자,6175.0,중립,-0.2554,208000,203000,285500,259000,209000,255500,281500,269500,208000,273000,33.68421052631579,32.874493927125506,14.901788649522647,15.99594205336305,1.0229632465816878,0.9270673823974795,1.2604139220156503,1.055177107884924,37.25961538461539,38.669950738916256,24.519230769230766,32.758620689655174,0.4807692307692308,2.4630541871921183,22.83653846153846,34.48275862068966
038500,삼표시멘트,소재/철강,616.0,강력매도,0.1291,3010,3090,3190,3210,4990,16390,3170,3360,4815,17370,4.886363636363637,5.016233766233766,18.005771885064203,19.770408163265305,-0.706541020515405,-0.7059537860926948,-0.7286223735613979,-0.746275659824047,5.980066445182724,2.5889967637540456,6.64451827242525,8.737864077669903,65.78073089700996,55.8252427184466,444.51827242524917,462.13592233009706
101490,에스앤에스텍,IT/전자,1452.0,강력매수,-0.4777,32900,35400,40200,49450,48300,83500,39050,54000,45900,85400,22.65840220385675,24.380165289256198,14.901788649522647,15.99594205336305,0.360789348138573,0.4291389978666321,0.5205156063317655,0.5241468872494706,22.188449848024316,10.310734463276836,50.30395136778115,52.54237288135594,46.808510638297875,29.66101694915254,153.79939209726444,141.24293785310735
437730,삼현,소재/철강,274.0,강력매수,-0.8329,9970,11420,14110,23950,55200,49800,13510,23600,46450,55500,36.386861313868614,41.67883211678832,18.005771885064203,19.770408163265305,1.1852755919250066,1.443168192542459,1.0208442907161084,1.108142218036261,41.524573721163485,18.301225919439577,140.2206619859579,106.65499124343259,453.6609829488466,306.74255691768826,399.4984954864594,385.9894921190893
232140,와이씨,IT/전자,137.0,강력매수,-0.7865,11350,13010,10030,13500,14480,18740,10220,14040,13390,21150,82.84671532846716,94.96350364963503,14.901788649522647,15.99594205336305,3.9755020999696735,4.566658176003046,4.559514852676495,4.936724660093997,-11.629955947136564,-21.445042275172945,18.94273127753304,7.916986933128363,27.57709251101322,2.9208301306687163,65.1101321585903,62.56725595695619
080220,제주반도체,IT/전자,581.0,강력매수,-0.5682,13430,15420,15460,18090,26350,40150,13600,19130,18370,44300,23.115318416523237,26.540447504302925,14.901788649522647,15.99594205336305,0.38823023781801136,0.5557724116803404,0.5511774432033497,0.6591987777752019,15.115413253909157,-11.802853437094681,34.69843633655994,24.059662775616083,96.20253164556962,19.13099870298314,198.95755770662694,187.28923476005187
397030,에이프릴바이오,바이오/제약,913.0,강력매수,-0.5154,14550,15710,16540,30900,54900,63600,17810,27850,47300,64500,15.936473165388827,17.207009857612267,37.64272473142917,37.11564576598498,-0.04290767128027861,0.008656361941322029,-0.576638692361105,-0.5363947062620742,13.676975945017183,13.36728198599618,112.37113402061856,77.27562062380649,277.319587628866,201.08211330362823,337.11340206185565,310.5665181413113
195940,HK이노엔,바이오/제약,2174.0,강력매도,0.2904,35900,36750,42800,44400,49300,53100,42400,45800,51600,52100,16.513339466421343,16.90432382704692,37.64272473142917,37.11564576598498,-0.008262972563988263,-0.00908676675604647,-0.5613139169855629,-0.5445499201703486,19.220055710306408,15.374149659863946,23.676880222841227,24.625850340136054,37.32590529247911,40.40816326530612,47.910863509749305,41.76870748299319
082920,비츠로셀,소재/철강,2300.0,강력매도,1.2171,12112,12944,14257,14660,17620,34750,15014,14610,20000,30150,5.266086956521739,5.627826086956522,18.005771885064203,19.770408163265305,-0.6837360828740824,-0.670102903788553,-0.7075333959501086,-0.7153409256661992,17.70970937912814,15.991965389369591,21.036988110964334,12.870828182941905,45.47556142668428,54.51174289245982,186.90554821664463,132.92645241038318
131290,티에스이,IT/전자,3956.0,매도,0.0752,46550,50500,39500,53300,57600,110300,39150,46450,52700,121800,11.766936299292214,12.765419615773508,14.901788649522647,15.99594205336305,-0.2933163851431474,-0.2517048682572659,-0.21036752191025423,-0.20195887349506522,-15.145005370569281,-22.475247524752476,14.500537056928033,-8.01980198019802,23.737916219119228,4.356435643564356,136.94951664876479,141.18811881188117
281740,레이크머티리얼즈,소재/철강,317.0,매수,-0.482,15000,15970,12090,12230,14750,20500,11570,13040,13800,19980,47.3186119873817,50.37854889589905,18.005771885064203,19.770408163265305,1.8418006963514444,1.9531362084238293,1.6279690917684297,1.5481795054441845,-19.400000000000002,-27.551659361302445,-18.46666666666667,-18.346900438321853,-1.6666666666666667,-13.587977457733249,36.666666666666664,25.109580463368818
183300,코미코,IT/전자,5402.0,강력매도,0.4784,57100,57400,72300,97400,88400,107500,69100,97300,82400,120300,10.570159200296187,10.625694187338024,14.901788649522647,15.99594205336305,-0.3651908939349797,-0.3771332654081095,-0.2906784917638203,-0.3357256389220268,26.619964973730298,20.38327526132404,70.57793345008757,69.51219512195121,54.81611208406305,43.55400696864111,88.2661996497373,109.58188153310104
166090,하나머티리얼즈,IT/전자,1627.0,중립,-0.1365,32300,36850,25650,40150,43100,63400,25500,38400,41000,62000,19.852489244007376,22.649047326367548,14.901788649522647,15.99594205336305,0.19227541528424816,0.3276627297068813,0.33222190375403804,0.41592456704390984,-20.588235294117645,-30.800542740841248,24.30340557275542,4.2062415196743554,33.43653250773993,11.261872455902306,96.28482972136223,68.24966078697422
253450,스튜디오드래곤,엔터/미디어,1114.0,중립,-0.07,49800,47400,51400,44850,42750,37700,54700,46700,40800,39950,44.703770197486534,42.549371633752244,26.221340275414942,26.768165680120738,1.6847618715153627,1.4941982802435207,0.7048621362577971,0.5895512655673433,3.2128514056224895,15.400843881856542,-9.939759036144578,-1.4767932489451476,-14.156626506024098,-13.924050632911392,-24.29718875502008,-15.717299578059071
